open_time,open,high,low,close,volume,close_time,quote_asset_volume,number_of_trades,taker_buy_base_asset_volume,taker_buy_quote_asset_volume,ignore
1672502400000,16590.1,16613.3,16565.1,16570.14,16498.8751,1672516799999,273642731.0813676,509335,8241.34275,136688906.8066455,0
1672516800000,16570.14,16574.97,16470.0,16542.4,17909.48676,1672531199999,296215270.9369783,502335,8628.77597,142719312.2074582,0
1672531200000,16541.77,16559.77,16508.39,16533.04,15515.82327,1672545599999,256565046.2444078,529532,7617.41262,125959681.2280884,0
1672545600000,16533.04,16550.0,16499.01,16526.19,16532.24115,1672559999999,273208014.1886723,502695,8215.80952,135772740.0324628,0
1672560000000,16525.7,16557.0,16505.2,16556.66,15915.96701,1672574399999,263119992.1962964,531758,8004.23188,132326590.6029873,0
1672574400000,16556.66,16572.94,16533.68,16558.73,15046.09096,1672588799999,249044515.3848469,520676,7515.69523,124401941.5415333,0
1672588800000,16558.73,16623.65,16558.0,16603.08,18532.64857,1672603199999,307401962.5247667,594496,9437.40515,156541081.5214632,0
1672603200000,16603.53,16628.0,16586.24,16616.75,15382.64278,1672617599999,255454259.1382225,539198,7758.22728,128839638.9085237,0
1672617600000,16617.17,16707.25,16548.7,16661.94,19463.4751,1672631999999,323032602.879277,619992,9720.70175,161345530.7256786,0
1672632000000,16662.38,16769.51,16619.44,16721.28,26026.88178,1672646399999,434177885.6099709,777019,12891.53976,215065867.8637376,0
1672646400000,16721.27,16772.01,16704.07,16735.11,23267.94119,1672660799999,389312521.3750265,799698,11767.58225,196896293.3073268,0
1672660800000,16735.51,16750.0,16669.15,16734.66,21747.21491,1672675199999,363473571.0233938,755940,10798.2082,180482354.7526204,0
1672675200000,16734.66,16739.64,16707.12,16737.56,12314.73653,1672689599999,205920047.2510092,503108,6289.51015,105169928.0648383,0
1672689600000,16737.56,16799.23,16660.51,16672.87,19068.3224,1672703999999,318766587.129201,580361,9457.71737,158114805.9776046,0
1672704000000,16672.78,16706.14,16647.81,16691.81,20183.45596,1672718399999,336660106.4140583,702462,10154.58549,169379197.432333,0
1672718400000,16691.81,16778.4,16681.79,16729.74,21434.34333,1672732799999,358362836.1081618,787280,10732.87193,179446504.9733487,0
1672732800000,16730.15,16766.0,16698.15,16721.03,25576.16376,1672747199999,427836488.1729676,856872,12695.61047,212375854.6928335,0
1672747200000,16721.42,16773.0,16617.79,16676.94,42131.78382,1672761599999,703745447.451747,1164560,20826.94352,347885296.8543492,0
1672761600000,16677.54,16688.2,16605.28,16643.37,29519.13275,1672775999999,491222512.9768744,909049,14690.13711,244457833.6230517,0
1672776000000,16643.77,16695.0,16640.4,16675.18,20696.65771,1672790399999,344938525.2018594,677373,10495.61394,174926715.1377585,0
1672790400000,16675.65,16877.65,16652.66,16862.02,41904.57254,1672804799999,702057787.4432657,1113721,21284.89731,356598402.1931332,0
1672804800000,16862.61,16910.98,16840.36,16869.44,30270.2531,1672819199999,510489950.3543592,974211,15129.39607,255153370.4009608,0
1672819200000,16869.49,16919.0,16831.13,16835.35,30320.64004,1672833599999,511054018.7665619,964344,15017.09692,253121364.8210666,0
1672833600000,16835.35,16863.09,16765.3,16854.05,40843.05953,1672847999999,687050576.8205386,1154970,20189.79426,339633493.7582416,0
1672848000000,16853.55,16991.87,16787.85,16842.36,52076.35176,1672862399999,879406879.4646622,1357745,25673.10055,433568519.8929489,0
1672862400000,16842.32,16869.56,16777.0,16850.36,24947.31165,1672876799999,419773996.9959776,745712,12452.82991,209541860.3190259,0
1672876800000,16850.36,16878.18,16807.72,16827.71,21763.76721,1672891199999,366480779.5479357,739990,10691.35832,180035180.9825203,0
1672891200000,16827.71,16849.37,16789.87,16823.64,21213.55835,1672905599999,356953889.52533,659873,10524.65393,177096686.6514992,0
1672905600000,16823.05,16839.0,16780.75,16833.6,26296.22105,1672919999999,442148515.7460473,776702,13270.54755,223138254.2204753,0
1672920000000,16833.6,16879.82,16753.0,16842.94,41963.23448,1672934399999,705775474.6133374,1146141,20962.26178,352570597.8106167,0
1672934400000,16842.94,16875.5,16800.5,16863.85,30157.4645,1672948799999,507765572.7595233,858941,14769.16231,248673476.5414828,0
1672948800000,16864.29,16873.52,16818.91,16831.85,22079.32082,1672963199999,371956021.6255597,660367,10741.58773,180957557.8467049,0
1672963200000,16831.85,16872.57,16802.01,16833.56,22896.56633,1672977599999,385537449.3564089,663651,11290.03163,190108924.5108948,0
1672977600000,16833.56,16837.87,16779.96,16794.06,24759.51652,1672991999999,416109442.9444728,667637,12222.13933,205403431.8288452,0
1672992000000,16794.33,16812.22,16709.88,16738.22,29976.56156,1673006399999,502807373.1858201,819541,14555.96629,244162834.2641379,0
1673006400000,16738.74,16849.0,16679.0,16840.82,52584.91113,1673020799999,881566120.8452226,1317647,26512.09198,444494825.3292218,0
1673020800000,16840.1,16965.41,16805.04,16939.91,42771.69765,1673035199999,720924329.4104825,1031782,21620.98431,364435116.4013062,0
1673035200000,16940.41,17041.0,16886.21,16950.65,34412.03096,1673049599999,583360293.9457155,888403,17119.01611,290223102.8678946,0
1673049600000,16950.31,16981.91,16930.46,16952.46,17943.00432,1673063999999,304173695.5585276,579681,8736.17549,148100805.2591056,0
1673064000000,16952.73,16954.45,16922.14,16948.09,15480.43183,1673078399999,262214857.2984257,503303,7754.88925,131356062.7452029,0
1673078400000,16948.18,16954.95,16908.07,16918.3,18936.72265,1673092799999,320535271.7759535,574231,9310.71199,157600235.6624417,0
1673092800000,16918.3,16947.7,16908.0,16940.42,20650.09476,1673107199999,349510859.8037669,599581,10222.07106,173013535.0530021,0
1673107200000,16940.6,16946.13,16916.0,16944.05,16073.99982,1673121599999,272156229.2948301,505703,7939.34977,134425655.4357013,0
1673121600000,16944.05,16951.92,16929.46,16943.57,15442.31542,1673135999999,261610796.4774696,464662,7661.63351,129798913.4810588,0
1673136000000,16943.83,16955.0,16911.0,16944.02,18295.79671,1673150399999,309764476.7824238,549947,8944.16601,151434723.7611695,0
1673150400000,16944.02,16957.12,16933.26,16953.77,14667.61069,1673164799999,248505049.5376341,442565,7178.57521,121623036.6433045,0
1673164800000,16953.77,16967.67,16925.05,16927.42,20434.41029,1673179199999,346209192.9720775,601731,9924.37609,168143606.0801408,0
1673179200000,16927.42,17019.79,16920.37,17000.43,23086.53831,1673193599999,391261534.1696674,740846,11881.3229,201372371.5444262,0
1673193600000,17000.43,17022.08,16916.1,16927.25,23557.66783,1673207999999,399128522.9224017,765578,11248.55056,190580744.342073,0
1673208000000,16927.25,17176.99,16924.41,17127.83,35113.87312,1673222399999,597056923.574341,935425,18023.61173,306492520.3897373,0
1673222400000,17127.83,17252.6,17104.66,17197.0,50799.16414,1673236799999,872660183.4688936,1251772,25629.14625,440299182.4530838,0
1673236800000,17197.0,17262.56,17180.0,17198.48,33546.34885,1673251199999,577460321.266074,818487,16819.90159,289542987.4364285,0
1673251200000,17198.01,17285.48,17186.95,17238.93,38468.19722,1673265599999,663152771.386804,982537,19404.82338,334520046.8546743,0
1673265600000,17239.47,17335.35,17190.74,17268.49,50514.03168,1673279999999,871715196.4004389,1198616,25244.36409,435659290.329589,0
1673280000000,17268.49,17398.8,17268.02,17293.69,52520.91466,1673294399999,910585671.0880836,1206215,25056.01195,434408959.7001106,0
1673294400000,17294.19,17313.3,17128.0,17178.26,40362.87068,1673308799999,694710206.9358753,870040,19594.27791,337250698.0254462,0
1673308800000,17179.04,17235.0,17146.34,17205.72,30946.1691,1673323199999,532107388.7842919,752000,15371.47305,264306569.8866036,0
1673323200000,17205.31,17233.91,17189.15,17203.2,25989.57305,1673337599999,447260476.2248121,627958,12764.29711,219667700.9224903,0
1673337600000,17203.2,17286.02,17187.73,17252.89,31083.00421,1673351999999,536235340.3203573,830688,15253.16631,263144026.9297295,0
1673352000000,17252.89,17375.0,17212.14,17327.7,57523.3681,1673366399999,993814458.3332604,1300210,27924.42702,482453734.1309301,0
1673366400000,17327.7,17456.07,17282.0,17432.85,43079.81645,1673380799999,748222010.1728362,1077022,21787.7134,378424375.544783,0
1673380800000,17432.85,17499.0,17403.73,17440.66,32760.4949,1673395199999,571607979.8955473,860873,16276.37917,283999447.8730714,0
1673395200000,17440.64,17510.0,17366.58,17416.14,31946.4848,1673409599999,557129363.9532521,818285,15852.86436,276470007.0272069,0
1673409600000,17416.49,17462.99,17388.0,17446.65,29726.8908,1673423999999,518004910.6112008,717936,14908.99515,259794138.4553008,0
1673424000000,17447.02,17472.15,17408.68,17437.75,29986.37534,1673438399999,523046137.5878744,752473,14396.19195,251114592.6436192,0
1673438400000,17437.75,17437.75,17315.6,17332.43,49062.38496,1673452799999,853608859.8901243,1073851,23770.42828,413570346.1487019,0
1673452800000,17331.9,17571.7,17320.42,17550.29,55789.51498,1673467199999,973820485.7460451,1052500,28029.82333,489251089.1658477,0
1673467200000,17549.62,18000.0,17508.86,17943.26,65709.95565,1673481599999,1161356189.475053,1212419,32986.26623,583167923.5885876,0
1673481600000,17943.26,18385.71,17907.25,18224.68,82494.53271,1673495999999,1496967287.629644,1496811,42025.39794,762651229.1200249,0
1673496000000,18224.68,18241.43,18075.19,18138.22,37256.18339,1673510399999,676716421.7783813,906793,18220.19592,330943992.6946052,0
1673510400000,18138.21,18222.59,18071.06,18200.8,34254.13454,1673524799999,621951965.8455837,935399,16546.55005,300447397.0651004,0
1673524800000,18200.8,18380.47,17892.05,18086.62,130706.45782,1673539199999,2372991707.391112,2199095,64897.86905,1178263850.2660303,0
1673539200000,18087.28,19060.0,18054.61,18885.35,110884.4527,1673553599999,2066031400.5826473,2094894,56044.82352,1044200491.4921912,0
1673553600000,18885.35,19117.04,18762.0,18846.62,58972.56062,1673567999999,1113772424.6186416,1278381,29560.49524,558306837.7449087,0
1673568000000,18846.62,18887.0,18714.12,18876.37,41728.30446,1673582399999,785024578.9742668,1057949,20474.15349,385172793.8821105,0
1673582400000,18876.37,18883.79,18778.41,18824.25,33637.34382,1673596799999,633318401.0980146,884625,16198.90144,304989121.6582046,0
1673596800000,18825.0,19057.7,18810.01,18920.95,53635.34061,1673611199999,1014915141.2004025,1415187,26545.74769,502336643.6696724,0
1673611200000,18920.95,19310.91,18811.52,19261.19,84962.31802,1673625599999,1617777780.0840676,1664634,42284.03589,805176091.3367255,0
1673625600000,19261.19,19406.26,19060.15,19362.01,76088.31369,1673639999999,1464589232.671098,1453964,37989.93435,731269397.4115847,0
1673640000000,19363.43,20000.0,19315.77,19930.01,78564.25763,1673654399999,1546008327.4168844,1545415,39956.12091,786356842.3467596,0
1673654400000,19930.01,21258.0,19888.05,20967.23,132906.52741,1673668799999,2759092530.9831915,2292855,67746.43426,1406355000.724011,0
1673668800000,20967.23,21033.64,20777.37,20897.36,44676.34594,1673683199999,933843420.8482186,1210896,22094.67901,461842390.1713108,0
1673683200000,20897.36,21022.39,20225.06,20721.73,79770.25474,1673697599999,1644046743.0519972,1743831,39574.47229,815611710.5893363,0
1673697600000,20721.03,21200.0,20568.12,20786.74,70757.33684,1673711999999,1474769537.0097568,1570328,35466.39694,739333157.1573955,0
1673712000000,20785.85,20911.23,20660.0,20783.68,40261.90826,1673726399999,837169981.9347392,1007531,19851.1,412787001.7823026,0
1673726400000,20783.68,21072.27,20758.0,20954.92,25541.37632,1673740799999,534149353.218285,834104,13084.46959,273638901.7460637,0
1673740800000,20952.76,21001.84,20551.01,20719.09,38036.35096,1673755199999,789006902.8167095,1087245,18513.63643,384054173.7448713,0
1673755200000,20719.09,20789.58,20666.88,20735.69,20276.51594,1673769599999,420273216.9910388,690210,10137.83417,210137602.4709497,0
1673769600000,20735.69,20759.0,20573.13,20722.23,28650.05726,1673783999999,592453775.8779912,847332,14168.86859,293020976.236529,0
1673784000000,20722.23,20994.05,20652.24,20908.28,32504.50894,1673798399999,675792243.0834687,904450,16404.87156,341116260.4181238,0
1673798400000,20906.97,21050.74,20665.0,20870.15,37663.66746,1673812799999,786128675.5798151,1009742,18564.68678,387519118.5772287,0
1673812800000,20870.15,20952.37,20746.39,20871.5,21411.12493,1673827199999,446871791.789941,655375,10520.94155,219588500.2561681,0
1673827200000,20872.99,21439.59,20770.2,21075.68,65696.37043,1673841599999,1388089480.9456108,1462343,32913.17235,695428103.4084768,0
1673841600000,21074.8,21260.0,21037.64,21109.23,32932.04546,1673855999999,696038874.3264114,945582,16280.98407,344130602.8788228,0
1673856000000,21109.4,21113.22,20666.0,20817.56,49457.76438,1673870399999,1029376009.938382,1173910,24144.64293,502521096.9549495,0
1673870400000,20816.63,21053.89,20611.48,20994.17,50011.28024,1673884799999,1043209232.3192528,1142493,24922.51463,519943375.1528716,0
1673884800000,20995.37,21414.42,20916.43,21308.57,57585.03731,1673899199999,1218402023.657308,1245371,28780.07499,608976957.4236563,0
1673899200000,21307.29,21474.05,21048.16,21185.65,37395.5848,1673913599999,793538431.8556727,886735,18311.28045,388597322.5665755,0
1673913600000,21185.65,21299.04,20841.31,21124.57,43454.76384,1673927999999,916414989.4024899,1131927,21823.25467,460250823.7083954,0
1673928000000,21124.57,21236.62,21060.8,21133.65,27720.49973,1673942399999,585979397.8889543,848772,13637.58323,288291889.8442558,0
1673942400000,21133.65,21249.46,21082.48,21219.75,32766.90672,1673956799999,693505454.5474383,921682,16400.18207,347123102.8067296,0
1673956800000,21219.21,21647.45,21030.0,21176.06,87104.51182,1673971199999,1851412927.7075722,1649298,43636.22002,927657883.8777648,0
1673971200000,21176.06,21412.0,21084.0,21336.46,48658.53141,1673985599999,1033405270.1827701,1057413,24178.86622,513573053.5571822,0
1673985600000,21336.46,21413.15,21121.71,21134.81,35702.53057,1673999999999,759867729.7608684,831046,17445.5369,371330420.4547027,0
1674000000000,21132.29,21377.44,21103.15,21258.54,40301.19947,1674014399999,856180692.8140768,1048530,20200.42869,429163460.2995626,0
1674014400000,21257.0,21320.0,21228.54,21307.94,26697.4268,1674028799999,568070295.6401439,796591,13405.49147,285250268.9475604,0
1674028800000,21307.94,21316.77,21151.0,21204.67,33225.41111,1674043199999,705339178.3201615,940208,15951.14787,338640574.8547805,0
1674043200000,21204.67,21650.0,20842.0,21042.73,97538.81068,1674057599999,2080231128.9085152,1851053,48136.15769,1026762744.7362038,0
1674057600000,21042.73,21136.8,20407.15,20906.54,112546.34199,1674071999999,2346648248.114645,2067882,55197.57608,1150986773.896686,0
1674072000000,20905.37,20938.67,20624.02,20677.47,40606.82944,1674086399999,843249651.4491836,912909,20283.6151,421233985.5814217,0
1674086400000,20677.47,20817.85,20659.19,20748.04,37267.51378,1674100799999,772841131.9507545,975722,18621.79767,386177449.3852507,0
1674100800000,20748.04,20874.81,20742.71,20818.95,28848.62637,1674115199999,600655161.9911675,784863,14520.94471,302345017.4285442,0
1674115200000,20818.94,20846.75,20706.9,20743.72,35522.44033,1674129599999,737990949.0761611,893164,17226.63453,357897020.9217634,0
1674129600000,20744.17,20960.23,20660.8,20876.44,61331.76023,1674143999999,1275412088.0178373,1242651,30169.99749,627401268.9886919,0
1674144000000,20876.44,21142.07,20791.13,21090.95,51508.95942,1674158399999,1078719286.5858655,1049951,26043.96054,545467406.2254368,0
1674158400000,21092.1,21192.0,20919.31,21071.59,36906.54912,1674172799999,777405712.3894144,873581,18340.89942,386341711.139341,0
1674172800000,21071.59,21219.6,21013.96,21087.74,37141.33047,1674187199999,783639312.1610996,922648,18623.09426,392945351.8684316,0
1674187200000,21087.74,21127.33,20861.28,20959.44,38475.43025,1674201599999,807649595.8699031,937110,18949.93043,397790956.4451118,0
1674201600000,20958.43,20993.99,20898.79,20963.51,33292.86295,1674215999999,697474455.3918875,865220,16534.87506,346404907.3174014,0
1674216000000,20963.34,21247.55,20955.53,21144.77,63718.57309,1674230399999,1344633977.124134,1345225,31617.13804,667229564.3131443,0
1674230400000,21145.05,21529.0,21140.99,21496.67,68762.00358,1674244799999,1467815434.340019,1391009,34778.81189,742434604.2965101,0
1674244800000,21496.67,22755.93,21495.75,22667.21,96688.93625,1674259199999,2154960114.8234897,1921223,49696.19901,1107233514.0303295,0
1674259200000,22666.0,22792.86,22422.0,22547.35,46689.92028,1674273599999,1054511739.180339,1135159,23187.19616,523707638.2724672,0
1674273600000,22547.83,22670.0,22514.6,22638.36,31004.20655,1674287999999,700765220.9456247,864584,15291.45179,345627559.0113558,0
1674288000000,22638.36,23335.77,22595.23,22905.65,102373.50511,1674302399999,2343025888.3981175,1948623,51448.54481,1177503644.7223046,0
1674302400000,22907.01,23280.0,22851.94,22998.9,60494.75835,1674316799999,1392598704.9369104,1391764,30189.54448,695018034.0059206,0
1674316800000,22998.9,23371.8,22980.0,23270.5,62208.75289,1674331199999,1442942861.058957,1395460,31421.78812,728914071.9398533,0
1674331200000,23270.97,23299.55,22680.73,22783.55,43674.34114,1674345599999,1005090754.0120646,1060930,21124.64595,486145726.4510617,0
1674345600000,22783.35,22979.88,22602.55,22758.3,43093.66569,1674359999999,982166391.1503004,1176975,21500.3927,490064955.0671515,0
1674360000000,22759.08,22967.33,22716.72,22895.2,29768.68658,1674374399999,680907598.2431229,844141,14816.71694,338898113.8168699,0
1674374400000,22895.49,22938.12,22726.02,22783.61,31739.4919,1674388799999,725441128.7009957,881437,15799.30876,361106286.925122,0
1674388800000,22784.74,23078.71,22645.59,22794.51,49271.02796,1674403199999,1126572537.3254447,1305162,24495.65688,560130892.4130232,0
1674403200000,22794.63,22959.71,22687.13,22722.15,41105.52201,1674417599999,938840500.1281983,1091398,20234.69654,462200020.5816522,0
1674417600000,22721.88,22773.89,22292.37,22707.88,58599.35872,1674431999999,1321624165.9960585,1304714,28996.14481,654009551.9187517,0
1674432000000,22706.02,22826.46,22646.43,22661.02,36139.99774,1674446399999,821585855.2606832,1035110,17847.49043,405749803.2072184,0
1674446400000,22661.02,22794.33,22600.14,22695.9,33194.2653,1674460799999,754361825.8102107,931904,16327.22319,371058386.8344132,0
1674460800000,22696.61,22957.25,22662.38,22904.58,38266.29469,1674475199999,873250970.6714768,1079599,19269.67516,439747319.0548108,0
1674475200000,22904.58,23115.0,22500.0,22853.14,80367.50864,1674489599999,1833668401.5709915,1770467,39792.85924,908013729.361702,0
1674489600000,22855.44,23180.0,22654.0,22792.47,71278.43489,1674503999999,1634076694.3298624,1599037,35476.04073,813408332.546373,0
1674504000000,22792.47,23044.56,22753.71,22916.45,34341.87812,1674518399999,787247548.332456,842538,17141.42061,392950133.4790928,0
1674518400000,22917.81,23144.76,22864.67,23079.27,41432.57478,1674532799999,953862921.4896044,1063187,20916.22365,481556419.5076131,0
1674532800000,23079.87,23162.2,23006.98,23054.08,34450.19326,1674547199999,795650689.5257671,905478,16918.16394,390743875.2866656,0
1674547200000,23054.7,23090.25,22770.0,22917.66,46085.15863,1674561599999,1056623160.8374523,1155108,22467.7317,515155287.6909609,0
1674561600000,22917.11,23035.31,22711.0,22931.36,64690.98641,1674575999999,1480417525.1137905,1609615,32045.13545,733375995.3207839,0
1674576000000,22931.36,23079.0,22785.59,23018.53,44205.31571,1674590399999,1014105624.3727192,1176741,21777.17356,499627709.168586,0
1674590400000,23017.73,23080.45,22462.93,22632.89,62294.55375,1674604799999,1420773041.2345078,1485455,30115.41526,686948055.1639704,0
1674604800000,22631.94,22715.06,22300.0,22643.61,56101.10349,1674619199999,1265348858.0431378,1211382,27719.6837,625229123.7896272,0
1674619200000,22643.04,22772.0,22606.04,22712.45,30093.23392,1674633599999,682543092.0196455,808555,14850.38922,336827231.1769521,0
1674633600000,22711.85,22739.11,22475.0,22598.47,39000.61252,1674647999999,882280733.2199026,997584,19053.15087,431022084.8739166,0
1674648000000,22598.45,22745.0,22335.0,22577.86,70513.75269,1674662399999,1591756073.7091613,1563666,35236.59405,795488306.576936,0
1674662400000,22578.79,22765.3,22510.0,22748.86,50906.47279,1674676799999,1152282150.4678226,1195211,25445.54887,576016833.7580464,0
1674676800000,22749.97,23816.73,22749.93,23060.94,99427.65682,1674691199999,2301379451.6561675,2284048,50342.53444,1165238193.789639,0
1674691200000,23060.42,23282.47,23041.14,23136.16,49167.22282,1674705599999,1139350996.8743951,1181615,24382.35016,565017191.8952227,0
1674705600000,23136.16,23197.8,22897.17,22966.73,45284.94138,1674719999999,1045313205.3816825,1056955,22324.70685,515367122.3622956,0
1674720000000,22965.81,23048.49,22850.01,22992.94,39326.2452,1674734399999,903134097.804352,1004754,19415.09344,445897696.9479677,0
1674734400000,22992.09,23250.0,22880.95,22958.02,81188.23496,1674748799999,1873618782.5419233,1796432,40312.82066,930389482.0303472,0
1674748800000,22955.16,23106.51,22853.81,23070.0,43604.15119,1674763199999,1003298141.4031821,1233906,21566.61377,496265013.3812337,0
1674763200000,23068.57,23195.0,22963.07,23009.65,30353.64026,1674777599999,699877244.3323929,907424,15183.49853,350127764.4341078,0
1674777600000,23009.65,23076.62,22534.88,22772.62,46182.87922,1674791999999,1053211965.998781,1110420,22665.14454,516887561.5115415,0
1674792000000,22772.2,23100.0,22760.64,23072.77,38724.8656,1674806399999,888702025.0923339,910022,19607.52158,449976921.6514876,0
1674806400000,23072.29,23083.87,22903.03,22967.47,33552.11913,1674820799999,770463976.450937,871225,16362.79934,375752054.9628227,0
1674820800000,22967.48,23148.0,22841.19,22933.96,62813.27522,1674835199999,1442976511.8322055,1593547,30975.13421,711610312.6259047,0
1674835200000,22932.2,23284.32,22924.01,23253.06,49014.72696,1674849599999,1134420791.6698048,1285785,25195.08712,583151255.2490762,0
1674849600000,23253.06,23500.0,22951.33,23074.16,50545.99702,1674863999999,1171932484.009853,1308097,24893.58959,577245664.8442074,0
1674864000000,23074.16,23189.0,23042.54,23117.44,24315.1602,1674878399999,561882363.6783861,746255,12103.65946,279707955.5273921,0
1674878400000,23117.44,23133.4,22951.01,22991.51,24728.2785,1674892799999,569928491.0919836,712913,12425.75519,286392749.3546076,0
1674892800000,22991.86,23017.27,22905.0,22981.51,25675.38157,1674907199999,590096454.6965848,732038,12742.47418,292871944.2194573,0
1674907200000,22981.51,23044.12,22878.46,23012.54,33451.32025,1674921599999,768126017.4189398,879065,16643.89748,382209830.3367752,0
1674921600000,23012.02,23052.82,22975.0,23039.35,20431.10042,1674935999999,470233986.9405348,571641,10297.25785,237006260.6775184,0
1674936000000,23039.35,23042.91,22942.0,23022.6,19514.46991,1674950399999,448718097.4901571,539904,9648.7915,221868763.6337883,0
1674950400000,23021.4,23492.0,22967.76,23193.43,52580.79543,1674964799999,1220408604.615284,1250575,27142.65327,630034714.4157397,0
1674964800000,23194.27,23268.51,23144.99,23203.86,24988.1288,1674979199999,579917679.7017039,604791,12350.71178,286637426.514184,0
1674979200000,23203.39,23605.74,23153.64,23432.17,55739.69077,1674993599999,1301572601.9212775,1214805,28440.53912,664183258.5217263,0
1674993600000,23431.39,23666.0,23350.47,23525.09,54723.54894,1675007999999,1286676417.3199296,1237701,27469.42045,645880036.4893621,0
1675008000000,23525.09,23960.54,23472.0,23897.84,66296.44216,1675022399999,1569959464.9258971,1584103,33710.83542,798392551.5331781,0
1675022400000,23896.65,23910.6,23600.0,23742.3,41360.18594,1675036799999,983388185.6523145,1138862,20393.34606,484898685.3255272,0
1675036800000,23743.37,23800.51,23567.1,23701.44,36904.38643,1675051199999,873825126.2668992,1060669,18153.87757,429857531.967146,0
1675051200000,23700.78,23769.32,23599.15,23642.81,31345.83274,1675065599999,742713408.9276633,843255,15531.44979,368021780.017509,0
1675065600000,23642.81,23676.98,23017.0,23077.47,72543.62927,1675079999999,1691183267.8029878,1685648,35180.55894,820133254.8086855,0
1675080000000,23077.47,23301.82,22962.68,23178.51,58389.64648,1675094399999,1350749690.7653735,1520073,29386.7592,679872148.0827348,0
1675094400000,23178.51,23248.86,22627.9,22784.86,58798.23417,1675108799999,1352634998.6903112,1501717,28806.28721,662713351.1463538,0
1675108800000,22784.86,22840.69,22500.0,22826.15,44424.17212,1675123199999,1009620746.6064177,1178862,22037.59795,500894841.1501766,0
1675123200000,22827.38,22913.71,22714.77,22835.01,35131.51516,1675137599999,802119133.5817277,928687,17324.70589,395563495.3374885,0
1675137600000,22835.46,22989.48,22743.05,22978.24,35466.16773,1675151999999,810437634.1351233,891132,17909.77733,409274334.1377032,0
1675152000000,22978.24,22996.84,22810.03,22865.43,35127.03829,1675166399999,804058376.9273081,976945,17398.57173,398259664.4469954,0
1675166400000,22865.97,23206.84,22851.01,23121.8,64918.10238,1675180799999,1496797891.4955328,1558731,32921.92394,759107140.402282,0
1675180800000,23121.8,23221.14,23081.08,23163.88,42055.90095,1675195199999,973084684.7230638,1129088,21066.15173,487457968.2919925,0
1675195200000,23162.99,23320.0,22812.69,23125.13,51950.62458,1675209599999,1197361203.6757295,1313828,26406.99655,608706403.6242375,0
1675209600000,23125.13,23184.29,22997.1,23130.19,35705.95217,1675223999999,824652163.8458158,949325,17805.97363,411262696.7528845,0
1675224000000,23130.7,23167.39,23017.07,23076.68,32517.47391,1675238399999,751412162.4822059,906788,16038.41758,370628436.0449493,0
1675238400000,23076.67,23100.0,22919.33,23077.52,37238.66144,1675252799999,856896336.5378889,1013473,18507.94481,425902462.8982093,0
1675252800000,23078.43,23144.85,22938.36,22979.73,53826.35919,1675267199999,1241877891.450625,1321593,26427.01369,609750674.7546695,0
1675267200000,22979.73,23494.77,22760.23,23385.99,77933.60595,1675281599999,1799499856.8783453,1927628,39199.67264,905245923.291345,0
1675281600000,23385.99,23812.66,23320.01,23732.66,73568.37005,1675295999999,1738203591.1302183,1744406,38128.56243,900939958.9770695,0
1675296000000,23731.41,24255.0,23690.02,23848.6,61426.43407,1675310399999,1471232378.9759278,1557565,31190.10489,747054965.7059299,0
1675310400000,23848.6,23921.1,23658.2,23781.12,36774.35541,1675324799999,875927513.4663538,1011168,18178.57714,433023754.7618613,0
1675324800000,23780.65,23852.75,23750.0,23820.49,34341.7451,1675339199999,817447910.3857682,922789,17395.4586,414081041.3791812,0
1675339200000,23820.49,23945.68,23525.0,23839.5,83485.59583,1675353599999,1983641128.7751024,1908633,41606.52113,988610973.2433861,0
1675353600000,23839.5,24144.62,23725.76,23802.57,83227.45056,1675367999999,1989181603.132353,2027233,41615.41003,994705182.3562735,0
1675368000000,23802.57,23924.81,23363.27,23488.94,64921.62654,1675382399999,1536266311.0696063,1674912,31828.13139,753239996.4599615,0
1675382400000,23489.33,23590.11,23411.47,23534.18,41608.93455,1675396799999,978539186.961878,1117916,20740.41814,487768358.1963422,0
1675396800000,23533.64,23566.18,23447.25,23456.23,34988.87578,1675411199999,822792094.3498536,873422,17633.70499,414682468.2020298,0
1675411200000,23456.22,23541.7,23322.3,23534.13,47896.72547,1675425599999,1122117254.3986413,1126205,24203.64521,567055832.1115419,0
1675425600000,23533.32,23710.8,23227.16,23603.36,102225.36461,1675439999999,2399805757.77625,2218076,51020.01385,1197728887.5286443,0
1675440000000,23604.62,23715.7,23300.76,23307.99,68730.83213,1675454399999,1615780627.7167397,1670375,34061.52522,800819266.847279,0
1675454400000,23308.05,23472.0,23204.62,23431.9,37120.2965,1675468799999,867455978.7108186,1001852,18484.02505,431987277.6305279,0
1675468800000,23431.9,23465.15,23331.16,23343.43,25040.05526,1675483199999,585913781.0324055,766118,12224.98722,286062996.766881,0
1675483200000,23343.12,23361.33,23253.96,23329.18,24999.77578,1675497599999,583002902.8917757,736303,12165.23305,283704005.8518943,0
1675497600000,23329.18,23376.27,23292.19,23363.76,23614.83087,1675511999999,551074057.9398365,659195,11828.55622,276036497.4280676,0
1675512000000,23364.14,23587.78,23340.44,23421.45,41379.54799,1675526399999,970864354.6360623,1119177,20936.00253,491230607.6707522,0
1675526400000,23421.45,23472.5,23358.57,23425.89,26883.53409,1675540799999,629733369.7629343,848807,13225.54795,309813536.9025003,0
1675540800000,23425.28,23449.96,23259.62,23326.84,24208.72896,1675555199999,566189141.5330365,722804,11483.60448,268595853.0688559,0
1675555200000,23327.66,23371.99,23230.0,23344.53,27050.82035,1675569599999,630639411.570328,808050,13618.23512,317495245.3462903,0
1675569600000,23344.53,23433.33,23326.23,23377.4,20474.72317,1675583999999,478535484.1491611,556550,10315.32744,241093651.6144019,0
1675584000000,23377.03,23419.74,23345.0,23356.33,24127.72175,1675598399999,564113060.4538435,655138,12039.18044,281486110.0180747,0
1675598400000,23356.86,23374.8,23000.01,23096.16,51552.20203,1675612799999,1194995919.60362,1381363,25345.22838,587509161.8083366,0
1675612800000,23096.92,23157.75,22743.0,22891.8,56584.15419,1675627199999,1298872134.2887368,1533209,27858.28292,639538904.0223944,0
1675627200000,22892.65,23030.0,22795.01,22932.91,29461.71768,1675641599999,675307006.7682441,969606,14708.96882,337163548.3108358,0
1675641600000,22932.91,23094.92,22823.0,22895.48,29572.88535,1675655999999,679338265.5444499,936318,14892.05441,342107674.5715888,0
1675656000000,22895.48,22928.2,22628.13,22879.69,39216.01093,1675670399999,894100627.9119316,1024064,19498.90269,444562461.7745604,0
1675670400000,22880.91,22939.99,22735.46,22878.23,40012.24453,1675684799999,913875141.5215019,1024229,20037.31969,457658353.0959372,0
1675684800000,22878.23,23054.66,22745.01,23041.39,58692.68023,1675699199999,1341582562.70861,1450852,29593.08814,676489126.426431,0
1675699200000,23042.86,23158.25,22921.25,23031.03,56494.24898,1675713599999,1301416336.5919664,1439392,28220.43732,650110446.3868881,0
1675713600000,23030.29,23032.13,22638.0,22762.52,41383.53688,1675727999999,945737833.8385783,1081540,20108.72764,459542912.3691244,0
1675728000000,22762.52,22897.67,22745.78,22877.99,33497.36874,1675742399999,764950851.8305833,989272,16852.33945,384842435.4831554,0
1675742400000,22877.99,22986.71,22861.45,22910.91,36499.34993,1675756799999,836452214.0310898,949091,18303.56693,419472266.3777275,0
1675756800000,22910.91,23064.56,22862.85,22977.24,44279.99243,1675771199999,1016574508.7645912,1130934,22113.81311,507707738.7709652,0
1675771200000,22977.24,23042.0,22876.35,22904.89,52432.35114,1675785599999,1204492678.1305234,1314630,26182.69765,601505797.1558576,0
1675785600000,22904.89,23350.25,22769.05,23091.9,97115.49334,1675799999999,2238420227.208619,2468866,48858.10737,1126237314.796334,0
1675800000000,23092.87,23309.29,23029.11,23240.46,44182.16924,1675814399999,1025038656.4914426,1441085,22302.72293,517444233.931329,0
1675814400000,23242.42,23452.0,23225.19,23255.34,40305.77589,1675828799999,938908500.7188623,1336973,20409.33092,475451744.030057,0
1675828800000,23255.34,23287.3,23183.17,23232.68,31403.38319,1675843199999,729412869.5048692,929856,15543.29806,361037136.1646348,0
1675843200000,23233.23,23239.44,23132.21,23159.07,34433.80696,1675857599999,798304838.2124374,1055102,17173.60254,398156105.0087209,0
1675857600000,23159.07,23199.58,22857.0,22872.28,65167.42448,1675871999999,1501897018.386469,1799074,31790.95755,732721724.0299006,0
1675872000000,22871.28,23042.95,22665.85,22874.89,73007.67562,1675886399999,1670755841.4461188,1869036,35912.08244,821866282.605532,0
1675886400000,22873.9,22980.3,22778.93,22963.0,35738.24103,1675900799999,818306579.5518978,906392,17798.45485,407550927.7912773,0
1675900800000,22961.85,23011.39,22424.48,22518.44,65154.16827,1675915199999,1481660862.6404538,1663808,31834.84996,723968702.3289462,0
1675915200000,22519.56,22737.48,22353.71,22676.41,55075.60069,1675929599999,1244396002.547022,1476544,27392.4311,618934350.0384256,0
1675929600000,22676.41,22770.0,22663.32,22685.79,41696.32449,1675943999999,946843482.7981273,1195775,20722.58214,470585174.0860867,0
1675944000000,22685.79,22831.41,22556.32,22610.94,74349.41042,1675958399999,1687418229.1982057,1802006,37212.24312,844646898.606767,0
1675958400000,22610.94,22623.41,21881.0,22032.71,93051.2266,1675972799999,2082881080.8115058,1980296,45757.21419,1024363790.7163142,0
1675972800000,22030.99,22084.46,21688.0,21796.35,73567.96503,1675987199999,1609773669.2018478,1665862,36390.36323,796301510.526318,0
1675987200000,21797.83,21938.16,21756.0,21825.59,44103.28784,1676001599999,964037088.4861186,1036333,22229.4384,485906727.963328,0
1676001600000,21825.59,21926.2,21622.4,21911.71,57049.51366,1676015999999,1244683470.9298134,1178907,28187.25447,615009315.8903531,0
1676016000000,21910.61,21926.91,21713.96,21733.52,53475.20812,1676030399999,1167792026.3377938,1073859,26085.02763,569664577.392538,0
1676030400000,21732.63,21901.24,21520.0,21654.09,79689.38726,1676044799999,1735230155.3687975,1546535,39562.14461,861527698.0088316,0
1676044800000,21652.75,21799.0,21558.13,21771.09,59831.97353,1676059199999,1296604073.5158267,1202507,29759.47146,644944681.1467439,0
1676059200000,21772.26,21790.92,21451.0,21625.19,44442.57206,1676073599999,961109580.2683043,955534,21596.3328,467034094.3048744,0
1676073600000,21625.19,21725.95,21599.78,21678.56,33397.4464,1676087999999,723322788.4582456,830205,16605.17156,359646227.4652393,0
1676088000000,21678.56,21715.38,21640.03,21692.63,26123.14402,1676102399999,566286244.195718,663186,12932.4144,280350812.3359188,0
1676102400000,21692.63,21705.0,21658.01,21697.44,26681.07439,1676116799999,578577643.711878,655915,13167.69669,285546528.4696799,0
1676116800000,21697.44,21777.54,21662.11,21735.78,33330.44499,1676131199999,724266818.5952563,739601,16441.47896,357280896.7352089,0
1676131200000,21735.78,21737.89,21618.23,21662.63,26494.56227,1676145599999,574493104.2740737,614188,13004.46874,281984704.6138027,0
1676145600000,21662.36,21906.32,21645.21,21862.55,30994.91226,1676159999999,675054298.5624084,704845,15786.72935,343829400.1599605,0
1676160000000,21862.02,21890.16,21766.0,21781.38,25750.93181,1676174399999,561692952.2325726,641918,12836.0057,279991755.6344291,0
1676174400000,21781.38,21817.15,21761.04,21798.42,24728.18422,1676188799999,538914454.1641631,569982,12391.03178,270047481.1848889,0
1676188800000,21798.42,21960.0,21798.01,21888.31,32585.21424,1676203199999,712268491.2123358,718062,16298.9568,356277923.5028818,0
1676203200000,21888.31,21995.6,21756.04,21945.3,41637.6802,1676217599999,910799398.2516562,875635,20647.69579,451674334.4667633,0
1676217600000,21944.14,22090.0,21914.07,21997.18,38167.26838,1676231999999,839454938.2345041,828471,18759.36844,412590690.2933539,0
1676232000000,21997.18,22028.78,21630.0,21783.54,41566.37278,1676246399999,906692207.34197,927835,20261.28848,441963596.0107974,0
1676246400000,21782.37,21876.43,21622.47,21808.6,45008.5028,1676260799999,979006284.1849394,1043782,22464.77062,488667156.5925242,0
1676260800000,21808.6,21894.99,21792.86,21867.69,29927.77153,1676275199999,653633724.9968537,715573,15068.69402,329112425.4562455,0
1676275200000,21867.74,21874.97,21433.0,21603.11,71030.04136,1676289599999,1536341930.5755725,1417759,35164.68968,760605984.6003362,0
1676289600000,21602.8,21701.34,21556.0,21563.02,51668.73309,1676303999999,1117659282.088591,1116738,25471.44932,550993947.5410244,0
1676304000000,21561.84,21678.0,21351.07,21607.81,62803.51308,1676318399999,1352943797.2518258,1305594,30835.9821,664353434.9302496,0
1676318400000,21607.81,21845.79,21559.95,21773.97,35292.20605,1676332799999,765228739.1718472,904165,18215.79995,394999881.0790627,0
1676332800000,21774.63,21816.62,21677.47,21700.42,31230.75357,1676347199999,678703079.5455446,791230,15399.79831,334674543.1107255,0
1676347200000,21700.42,21789.46,21684.59,21768.48,31733.58592,1676361599999,689707460.8337151,700544,16261.93631,353450242.9039236,0
1676361600000,21767.56,21875.42,21666.39,21809.81,44954.45087,1676375999999,978618327.1405776,1024310,22663.19569,493384329.1097735,0
1676376000000,21809.81,22319.08,21532.77,22041.45,136833.56633,1676390399999,2998074618.42316,2580914,68755.51316,1506534773.544597,0
1676390400000,22040.52,22245.0,21917.31,22208.65,77894.26418,1676404799999,1720178719.576344,1681156,39189.7893,865500673.9988525,0
1676404800000,22207.96,22285.0,22122.7,22199.84,39311.78022,1676419199999,873103271.2727427,917773,19736.48285,438356479.2345107,0
1676419200000,22199.84,22200.88,22047.28,22099.49,36360.45775,1676433599999,804355078.7105325,921553,17790.37048,393558948.8917457,0
1676433600000,22099.13,22199.29,22072.55,22109.89,32290.25159,1676447999999,714300767.0496113,726251,16117.5071,356551275.4493603,0
1676448000000,22109.89,22500.0,22089.11,22445.13,49264.71292,1676462399999,1095152272.271174,1104193,25085.32804,557650638.8530142,0
1676462400000,22444.28,22916.98,22443.24,22809.46,100777.72923,1676476799999,2289809849.699566,1980592,50387.5758,1144842382.612111,0
1676476800000,22809.46,23353.87,22745.03,23318.9,70218.08957,1676491199999,1614474415.8837929,1526572,35883.49613,825272134.7236687,0
1676491200000,23320.18,24380.0,23296.3,24324.05,86757.92005,1676505599999,2086041310.0484943,2076389,45533.87765,1094471386.5737133,0
1676505600000,24322.87,24905.0,24278.58,24732.42,58850.15163,1676519999999,1450419623.366175,1672575,29727.58885,732592041.8053999,0
1676520000000,24731.6,24756.35,24430.12,24612.95,48051.21682,1676534399999,1184116220.39559,1318488,23908.22874,589156794.631887,0
1676534400000,24611.51,24664.49,24509.07,24568.55,39484.86925,1676548799999,971358839.6225384,1291520,19517.07235,480150196.2967284,0
1676548800000,24567.93,25091.0,24283.35,25072.67,101794.47626,1676563199999,2500264105.8159065,2339334,51838.76008,1273555023.1148992,0
1676563200000,25072.67,25250.0,24606.14,24872.58,108806.09222,1676577599999,2709178305.3135095,2313061,54697.24005,1362057512.7181203,0
1676577600000,24872.58,24879.81,23505.25,23517.72,93093.87748,1676591999999,2259651054.2652893,2071815,44707.88559,1085380012.7585433,0
1676592000000,23517.72,23914.58,23339.37,23838.64,69235.79241,1676606399999,1641668909.3762789,1487681,34348.66912,814547694.688418,0
1676606400000,23838.64,23883.12,23612.0,23637.04,43781.38344,1676620799999,1039289451.3713504,1113018,21428.61077,508688793.2645449,0
1676620800000,23635.84,23861.78,23532.69,23789.82,58228.45005,1676635199999,1381860536.5876877,1381665,29214.7606,693361635.2648689,0
1676635200000,23789.12,24280.0,23710.0,24130.5,118441.1066,1676649599999,2840442289.806948,2377267,59595.39376,1429329817.7368526,0
1676649600000,24130.5,24560.64,23917.65,24524.49,115198.92622,1676663999999,2798347550.9968066,2343496,58071.96558,1410782870.2578523,0
1676664000000,24524.49,25021.11,24051.73,24569.97,91927.55504,1676678399999,2266923513.9182577,2191882,46428.54791,1145159677.1328304,0
1676678400000,24568.24,24787.5,24503.49,24609.68,37989.15667,1676692799999,935450582.2703155,1119600,18802.27569,463002803.3947737,0
1676692800000,24609.68,24676.9,24430.0,24519.01,31352.25067,1676707199999,771388085.9664745,911941,15331.20427,377229476.2838081,0
1676707200000,24519.01,24607.82,24436.46,24519.42,33957.71014,1676721599999,832848352.3241252,1035623,16879.67558,414004104.1643542,0
1676721600000,24519.93,24734.32,24488.43,24668.26,45000.52343,1676735999999,1107942907.6099946,1208521,22526.4687,554627784.478084,0
1676736000000,24667.02,24877.0,24567.9,24608.34,45513.45782,1676750399999,1123642776.5274754,1215493,22461.73784,554573142.5574743,0
1676750400000,24608.34,24666.0,24514.03,24631.95,23104.1534,1676764799999,568647684.8177484,804919,11465.72553,282210134.9411073,0
1676764800000,24632.05,24770.67,24622.18,24681.69,24556.3165,1676779199999,606495280.6192623,841010,12371.76233,305570991.2563266,0
1676779200000,24682.1,24850.0,24563.23,24582.62,38276.37482,1676793599999,945474309.0962348,1062072,19133.65014,472657312.6475707,0
1676793600000,24582.62,24706.77,24560.47,24669.43,30376.46031,1676807999999,748013551.7701801,865106,15252.97974,375612863.7071664,0
1676808000000,24669.43,25046.0,24656.44,24922.21,59494.57652,1676822399999,1475122631.3660026,1437482,30539.05866,757252496.7948939,0
1676822400000,24922.21,25192.0,24277.53,24523.79,99703.62008,1676836799999,2460652029.227399,2159330,48691.30811,1201801093.2065895,0
1676836800000,24523.04,24580.28,24192.57,24271.76,47988.64719,1676851199999,1172987604.5452652,1295484,23691.5216,579135472.3677975,0
1676851200000,24272.51,24480.44,23840.83,24418.95,63390.50289,1676865599999,1535272487.3743694,1691906,31525.65061,763644311.0880189,0
1676865600000,24417.86,24555.0,24402.87,24503.65,38007.57091,1676879999999,930456221.0756125,1242216,19163.01196,469147553.3746224,0
1676880000000,24503.65,24983.71,24373.33,24890.0,79645.74015,1676894399999,1971772099.9900348,2108660,40919.18201,1013107281.9989566,0
1676894400000,24889.0,25121.23,24720.0,24942.87,80964.87642,1676908799999,2016548870.1532278,2107343,40835.41122,1017212407.0672276,0
1676908800000,24942.87,24957.32,24622.0,24872.19,56462.35763,1676923199999,1401784150.1320298,1652307,27879.42537,692202991.344379,0
1676923200000,24872.18,24887.2,24655.0,24842.2,28467.52197,1676937599999,705392859.3476361,1006296,14130.36217,350154693.9767173,0
1676937600000,24843.89,25093.23,24781.5,24926.56,47489.89991,1676951999999,1183384235.2364106,1432013,24125.18355,601213284.5316987,0
1676952000000,24926.56,25050.0,24854.18,24999.95,37867.03335,1676966399999,944810944.5800148,1172905,18935.32672,472476203.1473834,0
1676966400000,24999.77,25250.0,24555.55,24572.83,86178.83261,1676980799999,2138144481.1039224,2234479,42179.51172,1046789071.9180723,0
1676980800000,24572.83,24790.0,24408.0,24558.09,79603.75437,1676995199999,1959524368.2955663,2178653,39440.98436,970940733.6283092,0
1676995200000,24556.81,24745.78,24279.35,24602.88,75522.89551,1677009599999,1852836986.3145213,2021662,38091.47678,934658981.2021867,0
1677009600000,24602.88,24639.56,24148.34,24452.16,49338.41293,1677023999999,1202291328.8984354,1672659,24257.01444,591140510.7600518,0
1677024000000,24450.67,24476.05,23855.55,24201.85,66953.18365,1677038399999,1619937749.2730517,1867231,33117.23556,801416298.1096964,0
1677038400000,24202.67,24221.6,23931.0,24060.95,53259.16489,1677052799999,1281390467.5141554,1609233,26374.99894,634575379.8070285,0
1677052800000,24059.73,24216.55,23860.61,24160.87,58413.62449,1677067199999,1405656452.0903215,1837878,29262.70777,704196121.316049,0
1677067200000,24160.87,24235.37,23627.08,23713.61,86251.40733,1677081599999,2066304131.2533593,2397646,42111.44222,1008961137.3095977,0
1677081600000,23714.94,23972.97,23574.69,23791.67,74769.74135,1677095999999,1776083309.4327672,2212415,37204.90018,883807720.013807,0
1677096000000,23791.68,24218.92,23735.19,24182.21,39778.63194,1677110399999,952373836.4270527,1471554,20132.45801,482044966.8792744,0
1677110400000,24182.21,24599.59,24124.33,24454.85,58028.05449,1677124799999,1413495403.4516015,1653532,29394.86442,716008213.5234585,0
1677124800000,24454.85,24526.08,24311.35,24376.27,40892.96719,1677139199999,998607452.3359174,1294459,20138.93382,491801103.9489419,0
1677139200000,24377.12,24494.28,23647.46,23780.2,72957.69926,1677153599999,1760954473.159101,2060335,35754.17443,863125957.8265786,0
1677153600000,23780.21,24228.44,23608.0,23950.92,114931.1652,1677167999999,2756093576.994308,2932719,56998.97585,1366956522.4249332,0
1677168000000,23951.83,24056.0,23725.1,23971.5,72622.39716,1677182399999,1734703024.846437,2100948,36444.88433,870589084.7502962,0
1677182400000,23971.51,24069.87,23756.77,23940.2,38968.17107,1677196799999,932229790.7255878,1354884,19348.85084,462894748.0370998,0
1677196800000,23940.2,24132.35,23890.0,23954.05,37762.53136,1677211199999,906000022.7873107,1325753,18866.05577,452660148.8726963,0
1677211200000,23954.5,23986.12,23766.6,23830.32,37287.85119,1677225599999,890253979.5372863,1301933,18556.02546,443020503.4418837,0
1677225600000,23831.22,23973.79,23754.03,23883.72,38332.75164,1677239999999,914499070.1205828,1441669,19247.0578,459203096.6883255,0
1677240000000,23883.72,24027.44,23322.01,23351.31,88325.951,1677254399999,2094648001.4727068,2706034,43102.30345,1022351993.9815608,0
1677254400000,23349.25,23353.1,22841.19,23182.27,94448.70234,1677268799999,2182957846.497057,2732027,46559.45031,1076173026.9726813,0
1677268800000,23182.27,23332.79,22974.3,23185.29,47424.787,1677283199999,1099165179.9754963,2024008,23932.24074,554741348.2596521,0
1677283200000,23184.04,23219.13,23045.33,23077.64,26711.13207,1677297599999,618059710.5183697,1422396,13257.10482,306759024.6566703,0
1677297600000,23077.12,23129.65,23023.23,23117.16,24808.07053,1677311999999,572616746.2706996,1301629,12413.59176,286534608.2050326,0
1677312000000,23117.1,23158.16,22906.5,22983.85,35506.74408,1677326399999,817703098.2109394,1615139,17114.39619,394144869.9977163,0
1677326400000,22983.85,23086.0,22858.35,23006.18,33363.06698,1677340799999,767002489.1812612,1546784,16545.25272,380385638.5548379,0
1677340800000,23006.18,23086.29,22912.1,22983.05,31984.90521,1677355199999,735912603.7359885,1457827,15690.09729,361017896.0966,0
1677355200000,22983.78,23185.99,22722.0,23157.07,38937.89123,1677369599999,894991652.3548584,1780793,19419.69686,446441903.3932741,0
1677369600000,23157.07,23250.0,23059.18,23214.53,25544.02597,1677383999999,591419036.6508406,1315147,12723.70738,294604809.5371736,0
1677384000000,23214.53,23227.17,23090.0,23154.57,22591.59482,1677398399999,523405955.1487643,1167203,11298.36939,261762399.7782144,0
1677398400000,23154.57,23293.97,23112.35,23253.44,27886.07588,1677412799999,647326894.7543688,1367071,13809.26052,320568205.0539807,0
1677412800000,23253.44,23331.26,23126.47,23247.23,35538.36772,1677427199999,824983865.4528308,1720269,17416.13547,404325865.6828307,0
1677427200000,23247.96,23544.93,23137.0,23499.33,42223.44384,1677441599999,986336853.5178483,1855922,21413.24716,500245251.4935755,0
1677441600000,23499.33,23689.99,23323.42,23554.85,48540.228,1677455999999,1142685575.7009368,2080403,24342.67286,573065881.1442934,0
1677456000000,23554.85,23644.65,23432.76,23551.62,30792.51063,1677470399999,724776916.818407,1462840,15188.39551,357504682.6290635,0
1677470400000,23551.99,23561.34,23346.16,23423.31,30283.95062,1677484799999,710053398.2503278,1492775,14899.92244,349347799.3572699,0
1677484800000,23423.88,23455.31,23332.65,23428.87,28495.85395,1677499199999,666653964.7424457,1720254,14286.02276,334232690.1314053,0
1677499200000,23428.87,23897.99,23379.25,23559.4,83616.02692,1677513599999,1979388493.1123738,2827507,41681.39209,986708087.0642314,0
1677513600000,23557.66,23618.3,23150.0,23276.35,71456.59915,1677527999999,1666716136.6951485,2510354,35446.84747,826806279.6453431,0
1677528000000,23276.34,23582.98,23106.77,23492.09,39061.14463,1677542399999,912196878.7106708,1740465,19857.46818,463754331.1679368,0
1677542400000,23492.09,23549.99,23349.57,23467.52,25897.10942,1677556799999,607343784.6499454,1198595,12944.44821,303585558.2799615,0
1677556800000,23467.01,23470.44,23212.8,23236.68,29133.3021,1677571199999,680862823.9187677,1295484,14192.64362,331697113.8942962,0
1677571200000,23235.63,23421.98,23200.0,23392.69,33078.50122,1677585599999,771043684.0569026,1441467,16746.57493,390366068.6664352,0
1677585600000,23391.96,23579.12,23315.42,23518.3,68386.6113,1677599999999,1604187424.2407343,2181644,34280.47897,804180937.936073,0
1677600000000,23519.08,23600.0,23205.06,23264.36,54116.84831,1677614399999,1268480147.1057034,1816376,26449.88574,620005794.6386435,0
1677614400000,23263.38,23343.55,23020.97,23141.57,53528.62659,1677628799999,1241013072.0652814,1635177,26586.79557,616414407.2549093,0
1677628800000,23141.57,23498.0,23020.03,23441.14,47163.64208,1677643199999,1097115387.6832635,1658889,23956.29799,557319110.5964514,0
1677643200000,23440.37,23847.0,23425.44,23716.06,49437.13297,1677657599999,1171088314.8032024,1595635,25295.79485,599195969.9086357,0
1677657600000,23716.06,24000.0,23673.44,23739.17,45593.75366,1677671999999,1084217504.5852282,1400908,22491.45831,534876599.9859868,0
1677672000000,23739.87,23888.0,23550.8,23711.09,71527.84275,1677686399999,1695360588.0972488,1855205,35523.73904,842024805.3870767,0
1677686400000,23711.09,23746.24,23328.16,23355.14,59540.49755,1677700799999,1406860041.0953634,1641854,29412.89177,695031523.8245193,0
1677700800000,23354.03,23674.6,23300.0,23628.97,42024.54836,1677715199999,986929249.2311019,1237996,21281.74471,499808777.4074242,0
1677715200000,23629.76,23796.93,23423.17,23494.29,38918.66091,1677729599999,917293476.7831041,1246750,19574.01917,461370622.5602369,0
1677729600000,23494.29,23546.82,23335.41,23391.87,27953.94328,1677743999999,655295156.075584,1031828,13631.97326,319562692.2362683,0
1677744000000,23391.87,23468.5,23337.37,23414.73,32030.91052,1677758399999,749637370.986887,1153758,15937.18576,372994908.6521708,0
1677758400000,23414.73,23434.26,23195.9,23361.11,63610.81714,1677772799999,1483857167.444401,1705489,31762.89756,740977045.3959517,0
1677772800000,23361.1,23507.97,23231.29,23463.99,46562.98279,1677787199999,1087923610.595984,1314896,23540.38386,550020666.9393309,0
1677787200000,23463.4,23567.52,23386.44,23465.32,30238.13755,1677801599999,709763228.3535873,983094,15075.54623,353872040.9164513,0
1677801600000,23465.32,23476.95,21971.13,22319.69,105002.30763,1677815999999,2362911670.655644,2226846,50316.17048,1131553452.1122205,0
1677816000000,22319.69,22411.36,22251.08,22360.78,39524.68367,1677830399999,883677378.3426481,1138993,20213.81742,451952275.8625587,0
1677830400000,22360.78,22479.97,22300.14,22342.92,34119.07106,1677844799999,763562290.5632885,1028361,16835.60454,376780687.5339819,0
1677844800000,22343.06,22498.99,22172.65,22336.33,63808.35172,1677859199999,1426622126.625152,1528072,31002.45949,693201295.6640837,0
1677859200000,22335.84,22448.25,22229.25,22358.48,42253.91274,1677873599999,944738781.8127621,1228576,21184.15201,473666212.0080983,0
1677873600000,22357.83,22378.22,22147.0,22354.34,35245.87103,1677887999999,785672517.7441546,1063791,17275.10972,385091434.0052481,0
1677888000000,22354.34,22392.17,22323.05,22346.66,17092.81805,1677902399999,382114176.2726649,626410,8461.31891,189157494.5564228,0
1677902400000,22346.65,22410.0,22269.94,22359.09,20708.89441,1677916799999,462851632.7042194,670464,10475.88168,234144776.4701645,0
1677916800000,22359.44,22376.97,22322.3,22349.46,15610.44674,1677931199999,348841979.0382061,561407,7628.29556,170471041.0187039,0
1677931200000,22349.46,22398.0,22307.98,22317.87,19247.99791,1677945599999,430242932.0123018,630750,9360.08526,209231683.416985,0
1677945600000,22317.38,22347.93,22227.2,22250.78,18483.98314,1677959999999,412261718.6144402,677253,9042.54921,201693639.4315966,0
1677960000000,22250.67,22359.0,22157.08,22346.57,30113.24107,1677974399999,670110557.0384237,1002976,15075.20091,335505896.2601973,0
1677974400000,22346.57,22662.09,22189.22,22387.02,47822.67957,1677988799999,1073642319.442565,1325502,23838.06171,535212925.2740197,0
1677988800000,22387.02,22470.93,22365.26,22375.7,19299.91498,1678003199999,432618716.4395136,654232,9607.33884,215358866.6435765,0
1678003200000,22375.7,22448.8,22316.63,22389.77,20090.00817,1678017599999,449674026.3236163,663745,10103.61109,226154089.1059189,0
1678017600000,22390.12,22494.96,22388.57,22436.18,22428.03796,1678031999999,503246003.470299,726440,11304.26731,253654993.7130122,0
1678032000000,22436.7,22460.07,22374.6,22403.45,16269.59179,1678046399999,364888351.3748796,583412,8105.9382,181804598.0723217,0
1678046400000,22403.45,22560.0,22331.0,22430.24,28931.52539,1678060799999,648942038.137078,882647,14435.1405,323803618.090712,0
1678060800000,22430.24,22508.0,22258.0,22387.19,38270.80221,1678075199999,857028676.6509935,1179708,19184.62562,429644736.5285354,0
1678075200000,22387.19,22436.0,22313.94,22392.74,20841.04209,1678089599999,466405667.3839039,780476,10497.50749,234934707.2385656,0
1678089600000,22392.74,22450.0,22355.0,22379.57,28144.14141,1678103999999,630276438.3476152,944787,14146.42196,316815707.6456625,0
1678104000000,22379.95,22602.19,22357.08,22553.42,44162.64438,1678118399999,991470770.0524904,1348326,22608.13467,507578111.1879062,0
1678118400000,22554.43,22586.98,22358.0,22393.35,45283.05605,1678132799999,1017998713.9703685,1285635,22168.17405,498381277.3099685,0
1678132800000,22393.35,22450.0,22320.01,22410.0,27050.14343,1678147199999,605921902.7803195,932346,13505.39925,302534660.2560782,0
1678147200000,22409.41,22557.91,22377.69,22460.54,28066.33637,1678161599999,630393147.6590419,936557,14401.88835,323486083.1970108,0
1678161600000,22460.99,22479.85,22408.09,22419.71,21032.34041,1678175999999,472113072.1954364,680373,10626.29881,238529337.2420031,0
1678176000000,22420.29,22432.6,22321.0,22351.02,35538.29626,1678190399999,795714668.0664442,965988,17254.45216,386346455.696674,0
1678190400000,22351.02,22489.88,21927.0,22320.9,97281.67866,1678204799999,2165898129.4535437,2233130,48347.915,1076583296.4535453,0
1678204800000,22321.98,22394.08,22054.92,22124.77,62136.24828,1678219199999,1383465822.1943376,1747700,30822.4995,686279805.7873158,0
1678219200000,22125.99,22230.51,21943.0,22197.96,48464.90914,1678233599999,1070010098.677249,1249646,24045.58837,530911524.278124,0
1678233600000,22198.56,22287.0,22084.3,22152.52,30155.52102,1678247999999,669323974.799176,1021249,15028.76367,333576907.3424782,0
1678248000000,22152.52,22167.73,21840.13,21971.03,47071.5731,1678262399999,1036348027.0799885,1207524,23179.99373,510366368.70872,0
1678262400000,21971.83,22144.2,21944.55,22072.45,41053.20652,1678276799999,904859062.4932224,1101745,20827.19453,459063929.5646448,0
1678276800000,22071.98,22229.04,21876.66,22140.8,81155.91342,1678291199999,1788854147.9180298,1938637,40538.74821,893605552.4470264,0
1678291200000,22139.97,22218.3,21944.25,21997.25,47324.56273,1678305599999,1044361727.7346706,1304336,23519.0629,519025949.7931669,0
1678305600000,21997.25,22133.75,21580.0,21705.44,54699.79593,1678319999999,1197424764.217334,1445472,26914.26184,589221548.2489574,0
1678320000000,21704.37,21806.68,21629.43,21769.66,35431.65786,1678334399999,770117892.9638898,1068165,18047.84758,392280088.5790306,0
1678334400000,21770.37,21774.69,21665.67,21688.54,27862.16425,1678348799999,605344414.527191,839278,13540.75584,294196702.413129,0
1678348800000,21688.54,21700.0,21527.0,21669.38,52297.6602,1678363199999,1132070684.389245,1261106,25863.98849,559887335.4510977,0
1678363200000,21669.38,21834.99,21552.84,21648.57,71861.08871,1678377599999,1559031052.1858242,1770506,36308.19056,787736414.5861255,0
1678377600000,21647.42,21675.22,20766.2,20854.93,127310.48874,1678391999999,2703141363.494757,2579410,61772.88572,1311594278.2375972,0
1678392000000,20856.3,20867.3,20042.72,20362.22,128895.22608,1678406399999,2633323357.146867,2558237,62366.92802,1274108702.7762573,0
1678406400000,20362.21,20367.78,19776.22,20052.07,111144.42259,1678420799999,2229796262.8012815,2126511,55260.82427,1108677092.2690556,0
1678420800000,20052.07,20065.0,19776.55,19953.58,83995.86888,1678435199999,1674666342.038135,1708666,41832.74789,834063610.6933461,0
1678435200000,19953.58,19977.0,19549.09,19760.78,96978.28705,1678449599999,1919089271.2390988,1914864,47644.85858,942864000.9690987,0
1678449600000,19761.12,20321.19,19657.11,20004.96,152618.48716,1678463999999,3044911566.9863715,2548359,76655.08228,1529395190.4313128,0
1678464000000,20004.96,20307.73,19824.06,20024.32,109663.76524,1678478399999,2192079676.7121906,2187346,55159.58205,1102736662.6213603,0
1678478400000,20022.72,20240.4,19850.0,20150.69,64055.63618,1678492799999,1284449669.1354184,1620515,31602.71486,633738566.5513407,0
1678492800000,20150.69,20686.51,20135.05,20393.88,98589.40007,1678507199999,2010575383.9869747,2237524,49434.99142,1008178350.4465017,0
1678507200000,20393.89,20435.43,19823.82,19850.81,76336.21941,1678521599999,1543569141.6532,1822194,37398.30136,756245458.887438,0
1678521600000,19850.81,20208.36,19765.03,20086.07,81791.94176,1678535999999,1638587556.1247947,1860885,40589.25752,813157460.8258563,0
1678536000000,20086.07,20205.46,20030.0,20061.98,50101.82477,1678550399999,1007145827.5244464,1417697,24910.91948,500778236.9330073,0
1678550400000,20062.77,20331.44,19992.24,20220.96,62707.52998,1678564799999,1264942329.5934436,1581378,31498.65833,635383056.8145258,0
1678564800000,20220.98,20529.91,20214.63,20455.73,58304.90534,1678579199999,1186770433.5856664,1492622,29319.35044,596791632.0019627,0
1678579200000,20455.73,20502.46,20303.53,20376.46,51370.51344,1678593599999,1047951756.1531725,1204987,25514.5908,520500010.7544971,0
1678593600000,20376.47,20440.8,20270.6,20346.71,35988.61581,1678607999999,732895199.1926041,944544,18196.87502,370577537.2672733,0
1678608000000,20346.71,20497.34,20333.8,20445.43,39710.54197,1678622399999,810273648.2931689,1046102,20276.74928,413747212.1699584,0
1678622400000,20445.56,20466.0,20284.39,20358.96,49787.13406,1678636799999,1014708540.1168847,1332165,24243.02934,494105547.5827239,0
1678636800000,20359.59,21331.75,20341.85,20779.54,124989.68987,1678651199999,2604135046.077106,2502080,64448.33266,1342599034.8291152,0
1678651200000,20779.54,22150.0,20755.76,21997.11,129098.44773,1678665599999,2772454223.968203,2692055,65959.4917,1416598622.3222365,0
1678665600000,21998.05,22600.0,21860.74,22231.62,111447.41727,1678679999999,2479421889.5542197,2437461,55454.21017,1233769005.1288998,0
1678680000000,22232.76,22506.0,22222.88,22458.72,68170.49795,1678694399999,1524543723.4741623,1712025,34656.39099,775089795.386687,0
1678694400000,22458.87,22539.64,21813.88,22106.64,112208.05043,1678708799999,2482116188.124727,2324381,56036.79849,1239666272.1857114,0
1678708800000,22106.63,24500.0,21959.0,23981.72,216519.77954,1678723199999,5011648828.111968,4210799,110519.35309,2558369248.0991216,0
1678723200000,23981.72,24393.83,23755.0,24279.91,122447.56492,1678737599999,2949343253.069609,2594578,61690.63826,1485959557.6641164,0
1678737600000,24277.25,24311.99,23938.0,24113.48,57096.00248,1678751999999,1377922196.2709515,1541516,28330.77925,683766203.2415624,0
1678752000000,24112.27,24496.41,23986.02,24374.2,70241.14758,1678766399999,1703104437.6843245,1828444,35714.36437,865957667.9075986,0
1678766400000,24375.68,24820.0,24139.06,24247.64,78968.84513,1678780799999,1924682701.7099771,2023958,40283.80037,981926518.8286023,0
1678780800000,24246.75,24820.0,24118.28,24743.04,90925.96183,1678795199999,2222319807.6513004,2074852,46278.25297,1131063354.406082,0
1678795200000,24743.05,26386.87,24458.04,25894.67,210348.01513,1678809599999,5397728611.727778,4127085,107078.29737,2747536976.0882463,0
1678809600000,25894.67,26001.81,24212.49,25054.15,144791.97024,1678823999999,3656705258.5256753,2931679,70516.579,1781141422.553672,0
1678824000000,25048.39,25167.9,23976.42,24670.41,104084.99432,1678838399999,2560766280.5850167,2237571,51867.82586,1276290307.8919368,0
1678838400000,24670.41,25074.24,24284.6,24717.65,74592.62791,1678852799999,1845737515.6806207,1873162,37314.69524,923376701.7059743,0
1678852800000,24716.87,24918.59,24599.0,24871.28,49951.0718,1678867199999,1237009443.4006555,1407450,25099.26781,621592343.55253,0
1678867200000,24872.54,24922.22,24255.0,24754.5,92660.51407,1678881599999,2278282340.4310627,1978846,46186.15303,1135605832.0562017,0
1678881600000,24753.27,25196.97,24371.6,24471.01,172954.88765,1678895999999,4281192546.0287623,3248556,86620.32298,2144381314.596431,0
1678896000000,24471.01,24523.0,23896.95,24366.71,137774.37953,1678910399999,3344037435.0736227,2665518,69091.31958,1677148923.3754141,0
1678910400000,24369.97,24633.02,24223.0,24285.66,53517.24888,1678924799999,1304746463.2831275,1439502,26881.10832,655367041.6757826,0
1678924800000,24285.66,24439.8,24123.0,24265.43,52421.25766,1678939199999,1273250713.194082,1502721,26380.56553,640795371.1976018,0
1678939200000,24265.44,24685.0,24182.0,24614.27,58224.85322,1678953599999,1423175383.815342,1498886,29392.92788,718537888.7699201,0
1678953600000,24615.79,25066.32,24374.35,24824.62,94332.38827,1678967999999,2333014877.5695977,1926429,47143.61384,1166167737.402967,0
1678968000000,24826.33,25032.74,24515.23,24888.44,105164.77326,1678982399999,2606072725.5648317,2342702,53028.51759,1314224992.6203833,0
1678982400000,24889.94,25167.4,24620.0,24953.21,75970.81647,1678996799999,1885082386.214762,1765058,37752.35342,936968336.5977364,0
1678996800000,24953.21,25090.0,24623.52,24998.78,53307.2411,1679011199999,1326734065.5823903,1382285,26705.32463,664737932.6722375,0
1679011200000,24998.78,25896.0,24890.0,25781.66,92627.82966,1679025599999,2361502669.45362,2099660,47055.43067,1199653130.304817,0
1679025600000,25781.66,26196.4,25656.0,26058.45,82998.31022,1679039999999,2150631199.812803,1991896,42204.04331,1093750712.109698,0
1679040000000,26060.07,26970.0,25918.02,26918.73,122412.61854,1679054399999,3235522323.1042743,2461724,63547.51453,1679756679.4458504,0
1679054400000,26920.11,26935.12,26118.19,26421.34,129230.31572,1679068799999,3423485952.14354,2457333,63996.66883,1695516600.4610145,0
1679068800000,26419.28,26860.66,26264.0,26834.87,93862.34173,1679083199999,2492341061.640388,1887501,47720.78966,1267230855.4507172,0
1679083200000,26834.87,27756.84,26588.38,27395.13,103329.26504,1679097599999,2813197865.088755,2215245,53498.16656,1456569854.230225,0
1679097600000,27395.13,27724.85,27060.0,27307.54,81541.36167,1679111999999,2232193114.0727777,1963911,40482.99756,1108303644.9988544,0
1679112000000,27306.57,27612.31,27212.56,27359.89,43190.10831,1679126399999,1184684500.1430905,1304303,21778.32186,597429509.8832995,0
1679126400000,27360.43,27500.0,27055.83,27443.09,48227.50229,1679140799999,1317664844.771918,1512324,24242.4135,662405731.1238277,0
1679140800000,27443.09,27637.2,27057.0,27226.23,68303.82651,1679155199999,1871158976.518682,1858986,34133.85822,935245750.5583097,0
1679155200000,27227.63,27489.94,26578.0,27329.83,84968.97465,1679169599999,2310876365.684245,1943914,42824.70655,1164853365.6685038,0
1679169600000,27329.14,27449.95,26810.0,26907.49,45007.19831,1679183999999,1219367268.4519155,1365165,22225.40999,602242122.3610831,0
1679184000000,26907.49,27255.19,26901.02,27198.71,36110.46659,1679198399999,978019669.8942223,1149104,18674.40264,505787868.9571048,0
1679198400000,27198.71,27291.4,26827.22,26974.81,36337.34801,1679212799999,982543953.6722068,1162766,17859.9396,482941804.1558897,0
1679212800000,26973.76,27200.0,26872.0,27160.98,41991.39588,1679227199999,1135154536.559329,1282276,21204.18695,573260721.7097191,0
1679227200000,27162.33,27750.0,27110.12,27546.62,71743.09938,1679241599999,1962403431.0865676,1788009,36544.69984,999800498.0403491,0
1679241600000,27546.62,28376.0,27470.0,28255.87,113916.61398,1679255999999,3186949313.292863,2441703,58496.20692,1636582700.513495,0
1679256000000,28255.35,28390.1,27738.0,27972.87,71968.0667,1679270399999,2019637083.088975,1754439,35371.12552,992728693.0243608,0
1679270400000,27972.87,28057.44,27124.47,27269.17,78217.14607,1679284799999,2157462609.607762,1855136,39037.03213,1076743194.0073864,0
1679284800000,27269.18,28268.0,27141.36,28183.13,74108.85462,1679299199999,2051294636.9532154,1808767,37715.69386,1044012846.0412054,0
1679299200000,28183.13,28472.0,27919.66,28188.93,101047.66229,1679313599999,2848449750.8159266,2339942,51114.84916,1440996731.064451,0
1679313600000,28188.95,28258.58,27620.0,27694.46,93832.37034,1679327999999,2625729805.5516424,2205601,46375.60979,1297882037.4642942,0
1679328000000,27698.15,28041.48,27461.35,27785.1,82313.05852,1679342399999,2281709846.407989,2035381,41269.70704,1144101937.064509,0
1679342400000,27784.57,28186.71,27577.02,27717.01,47859.14189,1679356799999,1335777887.1783872,1531123,24252.3995,676968141.8903002,0
1679356800000,27717.01,27953.33,27664.51,27787.29,50949.32902,1679371199999,1417189083.7890508,1628110,25313.56994,704137233.0779908,0
1679371200000,27787.29,27968.0,27303.1,27505.25,66335.07466,1679385599999,1835881386.680381,1865104,32643.24717,903478150.3261201,0
1679385600000,27505.25,28177.0,27393.52,28040.13,82017.60625,1679399999999,2283889067.2264123,2054734,41837.39767,1165059041.641241,0
1679400000000,28040.13,28244.87,27730.0,28041.06,100474.3209,1679414399999,2814136271.5707664,2431596,50086.3253,1402956308.5971186,0
1679414400000,28041.06,28438.55,27935.07,28126.84,84240.60599,1679428799999,2373704231.8171544,2208725,42304.54585,1192190467.6656556,0
1679428800000,28126.85,28214.99,27900.0,28105.47,36912.80538,1679443199999,1035692675.2538253,1342601,18287.25434,513121306.3218842,0
1679443200000,28107.81,28280.0,27945.44,28154.14,37000.16051,1679457599999,1039295274.5041422,520068,18426.05279,517595384.3492545,0
1679457600000,28154.14,28288.0,28028.24,28103.69,22588.25375,1679471999999,636506076.3228151,349647,11200.23632,315621216.1869463,0
1679472000000,28103.68,28213.23,28000.0,28122.74,16280.67428,1679486399999,457766238.3851469,324639,7943.92283,223373365.7770411,0
1679486400000,28122.73,28736.0,28105.35,28595.07,35677.15924,1679500799999,1015575506.7877896,571521,18415.32059,524101358.8138273,0
1679500800000,28595.06,28868.05,26650.27,26667.33,84244.59506,1679515199999,2354737681.8588834,1293202,40045.53167,1120385781.5997488,0
1679515200000,26668.8,27437.98,26601.8,27250.97,28322.57012,1679529599999,768219044.5908464,530250,14324.90966,388508107.388246,0
1679529600000,27250.97,27428.69,27105.0,27356.78,13920.76715,1679543999999,380039048.6914759,249388,7026.56866,191841944.5119716,0
1679544000000,27356.79,27700.0,27258.0,27631.93,14310.97848,1679558399999,394046380.203695,248737,7424.1943,204405344.897988,0
1679558400000,27631.93,27738.27,27439.5,27584.53,11897.09818,1679572799999,328274024.1013911,216126,5766.03095,159107345.4460444,0
1679572800000,27584.52,28750.0,27275.92,28580.87,40190.57705,1679587199999,1125183334.1061318,623376,20897.28275,585195254.8982105,0
1679587200000,28580.86,28647.05,27772.22,28369.99,34052.53912,1679601599999,960630336.8868128,561375,16677.23023,470450447.4139037,0
1679601600000,28369.82,28438.0,27967.93,28295.41,14277.6482,1679615999999,402950449.1254518,260089,7380.7179,208323300.1222263,0
1679616000000,28295.42,28374.3,28134.86,28219.98,8820.33865,1679630399999,249218915.981172,166373,4251.5988,120129335.7425409,0
1679630400000,28219.98,28335.32,28102.15,28274.59,9065.12568,1679644799999,256016166.4208223,162713,4400.80124,124289179.1715444,0
1679644800000,28274.58,28295.72,27934.48,28080.0,14569.39777,1679659199999,408939390.3920313,259245,6881.24895,193124392.2828051,0
1679659200000,28079.99,28253.01,27835.0,28018.04,14181.52699,1679673599999,397140815.7784793,236925,6658.17698,186511291.9455976,0
1679673600000,28018.04,28059.63,27523.81,27821.6,20321.9705,1679687999999,563880406.189602,327452,9994.77627,277330473.8895653,0
1679688000000,27821.59,27860.0,27000.0,27454.47,19283.70585,1679702399999,528247697.2651945,358429,9262.95898,253762792.7069399,0
1679702400000,27454.46,27658.2,27420.0,27581.65,7631.30004,1679716799999,210191181.8655982,164249,3962.98321,109158477.2148105,0
1679716800000,27581.65,27608.2,27375.9,27485.36,7176.48565,1679731199999,197350007.9536824,146228,3565.96142,98057181.9313568,0
1679731200000,27485.37,27537.79,27309.8,27457.2,7012.9894,1679745599999,192440592.6753429,166131,3497.68957,95984166.8591423,0
1679745600000,27457.19,27787.33,27357.14,27647.43,10741.6268,1679759999999,296054720.7069452,215731,5329.60167,146914446.1476378,0
1679760000000,27647.44,27730.0,27159.57,27189.68,11693.92908,1679774399999,320825489.5354124,238665,5454.11996,149662443.0758138,0
1679774400000,27189.69,27529.29,27156.09,27462.95,6587.75005,1679788799999,180365646.4771567,157717,3516.59293,96265813.8552012,0
1679788800000,27462.96,27650.0,27417.76,27529.26,5328.00445,1679803199999,146813936.3777922,129414,2653.6191,73121294.1227065,0
1679803200000,27529.27,27570.93,27462.15,27504.94,3807.16894,1679817599999,104733664.831992,108756,1826.82017,50254186.5725178,0
1679817600000,27504.94,27915.08,27480.01,27865.95,8183.69994,1679831999999,226624388.3385839,179343,4376.6249,121213187.9356075,0
1679832000000,27865.96,28194.4,27695.0,27803.89,17696.05035,1679846399999,494028986.8070628,315314,8921.93352,249090541.4630866,0
1679846400000,27803.89,27934.57,27635.18,27827.95,5605.98308,1679860799999,155835875.972683,147311,2776.31279,77179702.6519459,0
1679860800000,27827.95,28143.0,27670.71,27968.05,9050.79677,1679875199999,252936550.6680066,188058,4692.8477,131169322.3114622,0
1679875200000,27968.05,28023.86,27781.6,27888.68,6854.66298,1679889599999,191228452.9449697,154466,3460.42807,96539123.6834893,0
1679889600000,27888.68,27935.17,27666.0,27808.81,8855.5393,1679903999999,246221477.8507786,177903,4324.94733,120232891.4512902,0
1679904000000,27808.8,27996.28,27768.55,27892.69,7616.84015,1679918399999,212447874.3529654,156678,3734.18267,104146965.3825904,0
1679918400000,27892.69,27923.42,26508.14,26903.62,39066.20195,1679932799999,1062249565.8245099,593340,18327.26897,498431992.6266576,0
1679932800000,26903.63,27313.42,26858.79,26968.94,16613.0284,1679947199999,450241039.5812586,310564,8579.90298,232531262.5154063,0
1679947200000,26968.93,27255.0,26877.82,27124.91,9033.1962,1679961599999,244742477.4801231,182313,4725.18537,128022944.954094,0
1679961600000,27124.9,27176.05,26800.0,26971.71,11049.59827,1679975999999,298431190.7756347,213145,5378.50709,145249230.9584337,0
1679976000000,26971.71,27142.25,26872.11,26962.88,9458.87712,1679990399999,255366143.8953859,185687,4539.3178,122554396.966483,0
1679990400000,26962.89,27155.38,26631.78,27057.36,15726.76618,1680004799999,422845353.1109919,300734,7623.47653,205011878.8629604,0
1680004800000,27057.36,27210.0,26835.31,26998.63,15937.25349,1680019199999,429900199.3145396,308381,7976.67761,215138793.8160426,0
1680019200000,26998.63,27520.0,26745.0,27425.99,18090.07394,1680033599999,490596193.6350274,328370,9425.09956,255648223.4810133,0
1680033600000,27425.98,27492.8,27095.66,27261.07,8339.87441,1680047999999,227394526.0339765,185664,4029.53627,109871075.1738358,0
1680048000000,27261.06,27479.36,27240.1,27367.45,7124.26009,1680062399999,194827059.7800651,159684,3481.8637,95215758.0600338,0
1680062400000,27367.44,28164.48,27349.68,28086.82,22445.56265,1680076799999,625104109.9153996,371809,11498.13247,320157438.7708201,0
1680076800000,28086.82,28650.0,28040.34,28353.99,23446.56936,1680091199999,665905653.3431275,400301,12310.10801,349623698.2502509,0
1680091200000,28354.0,28590.0,28230.85,28442.79,16417.40637,1680105599999,466044375.1123709,325376,8351.06571,237088674.4375819,0
1680105600000,28442.8,28448.68,28135.82,28419.49,11647.76233,1680119999999,329539814.0298401,254194,5814.45546,164507247.460851,0
1680120000000,28419.49,28500.0,28211.0,28348.6,8404.59928,1680134399999,238466854.0303556,192853,4286.4549,121627879.5131405,0
1680134400000,28348.6,29184.68,28090.06,28489.18,28533.03962,1680148799999,817548512.099314,532242,14807.12893,424327260.2952462,0
1680148800000,28489.19,28775.6,28442.79,28725.01,11891.4425,1680163199999,340266284.3911483,240271,6099.59721,174543248.9731814,0
1680163200000,28725.0,28748.76,28500.0,28644.79,10631.82494,1680177599999,304195136.0311173,207717,5065.91847,144939570.2708423,0
1680177600000,28644.79,28691.45,28169.5,28300.33,17202.57157,1680191999999,489545898.868868,301110,8000.93411,227675614.4684186,0
1680192000000,28300.32,28301.01,27686.0,27986.09,20579.80879,1680206399999,575833856.0837922,354053,10073.66866,281826641.6162919,0
1680206400000,27986.1,28197.96,27786.66,28028.53,10026.74514,1680220799999,281082251.1682031,208259,5052.96241,141660551.0822565,0
1680220800000,28028.53,28375.0,27916.34,28168.41,11765.30998,1680235199999,331471788.6058419,275523,5976.66438,168378039.0758617,0
1680235200000,28168.41,28219.36,27511.71,27738.48,15529.91399,1680249599999,432713686.4184105,274486,7407.83477,206476861.8892852,0
1680249600000,27738.48,27992.05,27688.0,27927.97,10543.8057,1680263999999,293605942.4119002,213596,5153.03806,143503309.4003333,0
1680264000000,27927.97,28656.69,27870.93,28494.99,24322.41408,1680278399999,689531986.3104905,408480,13012.33584,368920097.9051846,0
1680278400000,28495.0,28541.18,28262.87,28469.31,9395.77884,1680292799999,266754200.0559179,198842,4713.73287,133816319.5947137,0
1680292800000,28469.31,28632.94,28337.46,28465.36,6640.8988,1680307199999,189175707.9747897,166422,3372.86519,96089606.321479,0
1680307200000,28465.36,28819.71,28408.57,28541.1,7594.11361,1680321599999,216982128.0504479,199112,3839.33977,109726172.74187,0
1680321600000,28541.1,28625.1,28351.35,28424.99,5673.20621,1680335999999,161594292.2994379,137666,2786.44013,79370298.0019778,0
1680336000000,28424.98,28485.11,28360.65,28372.85,4134.1087,1680350399999,117547137.0749779,115817,2152.68899,61210039.8694206,0
1680350400000,28372.84,28473.9,28220.27,28400.07,5187.63015,1680364799999,147153281.9950105,143941,2654.29061,75309248.326931,0
1680364800000,28400.07,28443.04,28280.0,28381.98,3397.25326,1680379199999,96379413.9332279,108759,1621.06172,45990490.7705614,0
1680379200000,28381.97,28577.0,28379.63,28452.73,4252.1356,1680393599999,121147984.0991668,117486,2117.55616,60325317.7719873,0
1680393600000,28452.74,28530.0,28355.0,28476.59,3671.10292,1680407999999,104383440.4115939,107926,1789.00431,50867378.6274146,0
1680408000000,28476.58,28490.4,28381.54,28416.38,2774.33739,1680422399999,78910041.1203221,85524,1280.00645,36407068.7177245,0
1680422400000,28416.37,28450.9,28306.8,28357.93,3482.11028,1680436799999,98829407.5568628,106511,1701.68388,48300162.582709,0
1680436800000,28357.93,28361.0,28037.59,28124.81,10410.79993,1680451199999,293651041.5082974,247983,4984.6374,140592959.5195359,0
1680451200000,28124.8,28229.9,27856.43,27943.85,9548.76463,1680465599999,268163596.0181557,213771,4464.33932,125378441.0561778,0
1680465600000,27943.84,28203.35,27858.29,28171.87,7478.54177,1680479999999,209663406.4524486,176749,3677.34703,103101257.5828025,0
1680480000000,28171.87,28182.17,27560.0,27753.85,11150.24369,1680494399999,309827125.3585124,239807,5731.05532,159215138.4997722,0
1680494400000,27753.85,27962.9,27588.0,27958.74,7740.46106,1680508799999,214863821.4974328,176363,3957.39339,109877716.0210011,0
1680508800000,27958.73,28500.99,27958.73,28253.73,16752.02691,1680523199999,474177320.1028777,303991,8910.27492,252191819.3519892,0
1680523200000,28253.73,28375.0,27945.19,28051.48,12843.96705,1680537599999,361398934.7992921,269796,6532.88114,183854391.3390787,0
1680537600000,28051.48,28238.53,27875.0,28081.08,10815.36454,1680551999999,303545254.2873704,264830,5605.34033,157340363.5572436,0
1680552000000,28081.08,28093.56,27200.24,27800.0,19877.9508,1680566399999,550548592.7368814,396275,9797.87498,271386335.322544,0
1680566400000,27800.0,27965.0,27662.79,27855.06,7378.74569,1680580799999,205275559.6704629,167625,3769.42754,104864834.8657298,0
1680580800000,27855.06,28145.0,27775.37,28021.3,7401.39758,1680595199999,207053975.819394,164335,3876.17243,108434855.147078,0
1680595200000,28021.31,28444.44,27931.2,28289.52,11327.61021,1680609599999,319731005.1300472,243495,5834.91538,164732279.0976464,0
1680609600000,28289.51,28399.0,27947.59,28030.04,11827.84541,1680623999999,333201190.1195128,257122,5639.3055,158886966.0167972,0
1680624000000,28030.05,28260.0,27971.07,28189.25,6969.29766,1680638399999,196001963.967875,148848,3592.07129,101022516.7827494,0
1680638400000,28189.25,28305.0,28078.63,28165.47,4817.66036,1680652799999,135877770.1677442,120582,2372.0602,66903950.5091401,0
1680652800000,28165.47,28775.0,28099.68,28544.72,14845.01269,1680667199999,423618752.9933775,288736,7833.16555,223524374.7630382,0
1680667200000,28544.73,28624.35,28455.0,28525.21,5559.92922,1680681599999,158665950.8991092,125501,2775.44554,79205522.5224986,0
1680681600000,28525.2,28600.0,28450.5,28554.38,5619.6494,1680695999999,160312618.8725529,125324,2617.89898,74683339.9999048,0
1680696000000,28554.37,28750.0,27860.0,28031.09,19633.382,1680710399999,555141194.2962474,389523,9687.33303,273931210.5168214,0
1680710400000,28031.09,28308.04,27805.1,28240.64,11011.74625,1680724799999,308690916.6741801,225348,5595.98115,156922833.6855484,0
1680724800000,28240.64,28300.0,28132.16,28170.01,4067.92776,1680739199999,114669105.3305896,108298,2047.06247,57703808.6826568,0
1680739200000,28170.01,28182.05,27878.6,28128.42,6441.25347,1680753599999,180559668.513628,176628,2996.97917,84015131.7553321,0
1680753600000,28128.42,28130.0,27907.77,27910.97,4898.59822,1680767999999,137311145.186657,120212,2217.51512,62162539.976175,0
1680768000000,27910.97,28028.6,27711.0,27945.52,8497.72048,1680782399999,236988701.2755662,192229,3998.95418,111533292.252512,0
1680782400000,27945.51,28181.05,27750.0,28090.39,10932.58337,1680796799999,305721842.9489425,213812,5509.28981,154087037.4226398,0
1680796800000,28090.39,28165.88,27950.9,28017.77,5293.83638,1680811199999,148536619.0523199,123959,2540.74815,71293807.9319895,0
1680811200000,28017.77,28121.87,27900.0,28033.82,4054.95771,1680825599999,113595110.579069,107708,2045.15726,57292451.5181516,0
1680825600000,28033.83,28100.0,27926.52,28038.66,3144.63896,1680839999999,88146347.0510711,101113,1567.05756,43923145.5478216,0
1680840000000,28038.67,28062.73,27766.94,27839.78,4967.42754,1680854399999,138730068.8450729,135123,2275.36309,63546583.5709015,0
1680854400000,27839.79,27961.67,27785.0,27840.9,5563.5226,1680868799999,155095357.5999324,121265,2580.84279,71955432.1279668,0
1680868800000,27840.89,27984.75,27800.0,27944.1,5761.76975,1680883199999,160762132.7427943,140484,3040.8913,84844387.4536122,0
1680883200000,27944.09,27953.47,27856.0,27897.52,2550.36482,1680897599999,71164211.2173116,76639,1179.65615,32915717.6354659,0
1680897600000,27897.51,27980.74,27839.02,27906.33,2774.3702,1680911999999,77425631.472459,81010,1339.32278,37374212.1345139,0
1680912000000,27906.34,28059.39,27859.02,28023.39,3614.73585,1680926399999,100996661.8137785,103217,1960.08128,54765613.8772171,0
1680926400000,28023.39,28154.99,27974.14,28086.22,4034.10068,1680940799999,113281145.0243738,103536,2156.60256,60566347.9114606,0
1680940800000,28086.22,28114.94,27990.57,28016.09,2664.16144,1680955199999,74715497.0711355,79955,1224.6629,34342849.6814456,0
1680955200000,28016.09,28057.0,27950.0,28014.7,3002.75065,1680969599999,84103537.2944718,105759,1438.13001,40281121.9883006,0
1680969600000,28014.71,28020.0,27872.11,27924.13,3619.71605,1680983999999,101150959.5476303,119177,1695.57762,47378695.9774651,0
1680984000000,27924.13,27987.41,27885.86,27938.38,2544.50268,1680998399999,71076717.9346855,112515,1254.18777,35032049.9081497,0
1680998400000,27938.38,28083.45,27924.9,28027.71,3682.55851,1681012799999,103256263.2563613,97312,1957.27965,54876160.8930376,0
1681012800000,28027.71,28067.46,27840.51,27903.02,5008.26881,1681027199999,139906738.23757,117785,2529.85756,70667966.8980743,0
1681027200000,27903.01,27949.99,27800.0,27930.2,3470.02822,1681041599999,96786095.4437609,93671,1663.91252,46415007.786574,0
1681041600000,27930.2,27973.39,27800.0,27891.91,3818.27012,1681055999999,106496353.4342914,127631,1826.37992,50940304.4174998,0
1681056000000,27891.91,28250.0,27876.68,28140.4,6527.39031,1681070399999,183258062.410694,151815,3610.57462,101363077.2976779,0
1681070400000,28140.41,28530.0,28094.5,28323.76,10024.64504,1681084799999,284212410.9125181,189375,5297.7033,150191808.064066,0
1681084800000,28323.76,28425.43,28244.18,28278.45,5372.26276,1681099199999,152165655.4950148,122422,2698.18871,76427515.6419953,0
1681099200000,28278.45,28325.43,28196.61,28284.57,4995.24453,1681113599999,141178153.9220614,105145,2961.76045,83699487.0671957,0
1681113600000,28284.57,28375.02,28275.01,28305.6,5234.32286,1681127999999,148247870.2572725,103816,2685.45938,76058178.0211516,0
1681128000000,28305.59,28575.04,28170.0,28439.38,10137.40167,1681142399999,287346546.1966631,193017,5248.26249,148784572.0686198,0
1681142400000,28439.39,29380.0,28356.51,29173.06,27035.28756,1681156799999,784702706.5473702,474950,14405.16713,417943350.8896669,0
1681156800000,29173.05,29770.0,29069.1,29637.34,14979.54282,1681171199999,441660010.7524485,286345,8148.7851,240225583.9029832,0
1681171200000,29637.35,30430.0,29590.0,30115.95,20828.19269,1681185599999,625055720.9305645,389447,11443.21158,343356768.8115142,0
1681185600000,30115.95,30169.14,29800.0,30106.89,10285.50672,1681199999999,308990782.8901235,207121,5073.51527,152438594.0964435,0
1681200000000,30106.9,30147.38,29974.0,30055.15,7339.48746,1681214399999,220730844.4540413,151922,3453.2294,103855037.9595689,0
1681214400000,30055.14,30280.0,29975.0,30194.22,11314.16156,1681228799999,340918024.572941,220845,5570.85444,167875428.6208858,0
1681228800000,30194.23,30550.0,30040.0,30130.02,10970.16011,1681243199999,331757846.7277408,223433,5556.58726,168087509.5584638,0
1681243200000,30130.02,30274.19,29940.0,30200.42,7252.56767,1681257599999,218625058.5067065,147690,3669.52923,110637283.2465806,0
1681257600000,30200.43,30350.07,29811.82,29922.04,11394.97178,1681271999999,342268958.4807316,229283,5520.80814,165847303.7631613,0
1681272000000,29922.04,30070.42,29850.0,29987.0,6069.48422,1681286399999,181771973.8410201,131988,3184.27717,95370356.8521366,0
1681286400000,29986.99,30050.47,29895.98,30016.3,5584.43686,1681300799999,167424828.4353351,122982,2946.34865,88338645.1038835,0
1681300800000,30016.31,30486.0,29637.4,29964.02,26308.52652,1681315199999,792129784.516135,444308,13269.26133,399600608.8033424,0
1681315200000,29964.03,30091.01,29760.13,29798.59,8528.50057,1681329599999,255439988.6447118,194533,4171.24842,124947077.1701371,0
1681329600000,29798.59,29979.74,29775.68,29888.07,4163.56456,1681343999999,124462072.2235967,123462,2044.44205,61119738.8799061,0
1681344000000,29888.07,30200.0,29854.59,30072.17,5485.41854,1681358399999,164758087.2838029,138640,2930.74333,88026261.8624862,0
1681358400000,30072.17,30128.59,29982.93,30068.6,5087.64391,1681372799999,152912951.1116932,107370,2636.51561,79240262.9131621,0
1681372800000,30068.6,30374.87,30039.0,30159.82,10749.49629,1681387199999,324625848.6401468,228054,5606.4934,169309366.8741972,0
1681387200000,30159.81,30595.0,30134.16,30441.43,14771.58975,1681401599999,448060518.8191721,268182,8061.24724,244548733.6251821,0
1681401600000,30441.43,30535.76,30262.4,30335.13,9458.03277,1681415999999,287393675.3859133,173216,4505.59413,136916883.7313791,0
1681416000000,30335.13,30394.7,30205.0,30373.84,6381.93605,1681430399999,193340019.8892389,138682,3027.05927,91707125.9961802,0
1681430400000,30373.84,30893.79,30310.03,30690.88,18523.2894,1681444799999,568460424.3560681,361995,9247.44574,283795521.7705196,0
1681444800000,30690.89,31000.0,30674.53,30733.72,11910.85727,1681459199999,367033484.8535344,239125,6169.13154,190124160.1183555,0
1681459200000,30733.73,30827.27,30657.14,30801.89,7627.76445,1681473599999,234606130.3770098,151541,3796.95989,116782711.9492833,0
1681473600000,30801.89,30850.0,30101.0,30237.89,19633.71604,1681487999999,599409820.8239172,366092,9794.39439,299034574.4823339,0
1681488000000,30237.88,30357.8,29966.0,30324.09,12230.50318,1681502399999,369413786.0608598,234903,6152.83506,185869357.3521474,0
1681502400000,30324.09,30522.07,30272.25,30466.93,6058.06418,1681516799999,184343847.9088409,150524,3245.82344,98764957.8925268,0
1681516800000,30466.93,30595.6,30278.08,30376.14,5746.9438,1681531199999,174730437.60673,164192,2717.09357,82623834.8238245,0
1681531200000,30376.13,30467.92,30337.97,30433.3,4154.39976,1681545599999,126260161.7216802,112881,2018.0207,61334717.0168901,0
1681545600000,30433.29,30470.0,30364.7,30385.3,3667.82496,1681559999999,111572992.0934542,113326,1843.60462,56081139.5494634,0
1681560000000,30385.31,30444.0,30285.0,30325.27,4272.47036,1681574399999,129770675.6324938,129224,1921.23225,58360900.8442156,0
1681574400000,30325.27,30339.35,30202.0,30331.74,4726.84822,1681588799999,143158228.9315355,127792,2386.93781,72296419.6705206,0
1681588800000,30331.74,30360.19,30236.39,30295.09,2861.32537,1681603199999,86718601.6281223,85003,1537.45614,46596516.4079925,0
1681603200000,30295.1,30319.04,30120.0,30249.37,3384.26015,1681617599999,102344324.702287,109409,1578.62144,47738062.194995,0
1681617600000,30249.36,30399.4,30245.82,30344.97,2921.29461,1681631999999,88567589.9037644,97622,1513.19202,45876172.6514934,0
1681632000000,30344.97,30353.96,30220.4,30226.45,3645.14709,1681646399999,110409728.9772364,103724,1682.80642,50970384.8596704,0
1681646400000,30226.46,30362.0,30160.4,30332.98,4673.57527,1681660799999,141456279.5134741,115430,2436.76659,73758738.4406209,0
1681660800000,30332.98,30549.99,30259.69,30309.06,6879.44808,1681675199999,209114525.7737096,144217,3374.24453,102595078.4146014,0
1681675200000,30309.05,30407.98,30192.0,30304.65,4928.26802,1681689599999,149430477.2820936,137831,2578.10491,78177150.442217,0
1681689600000,30304.66,30316.06,29740.64,29982.8,13105.03703,1681703999999,392753321.3907094,268594,5961.09586,178618815.6002193,0
1681704000000,29982.8,30007.56,29832.0,29838.3,5573.07492,1681718399999,166831643.3260143,138316,2775.88628,83093838.5041681,0
1681718400000,29838.3,29922.5,29366.0,29570.81,11957.93933,1681732799999,355765755.1668862,215901,5598.98647,166603980.5676102,0
1681732800000,29570.8,29593.14,29240.65,29358.31,13750.46214,1681747199999,404730089.9138391,258624,6540.82778,192514409.8583491,0
1681747200000,29358.3,29580.17,29330.85,29467.24,7312.65763,1681761599999,215480649.1528245,154435,3821.99877,112605730.3737966,0
1681761600000,29467.25,29536.93,29391.92,29430.27,4742.64022,1681775999999,139726302.482762,101424,2181.38255,64274237.9030383,0
1681776000000,29430.27,29500.0,29096.78,29446.99,7340.04494,1681790399999,215365008.5620143,155258,3858.91814,113250646.1837993,0
1681790400000,29447.0,29803.0,29442.56,29775.62,8003.36187,1681804799999,237167380.7860532,145788,4438.3426,131542366.3192123,0
1681804800000,29775.61,30381.68,29693.1,30380.59,13941.09794,1681819199999,418183716.9338395,232257,7712.72594,231387171.5622673,0
1681819200000,30380.59,30485.0,30099.37,30184.86,16268.45181,1681833599999,493067878.3134817,271096,8077.95047,244824638.252561,0
1681833600000,30184.85,30274.21,29945.58,30221.52,9976.92726,1681847999999,300807760.3495068,199513,4979.91429,150153420.9795787,0
1681848000000,30221.53,30450.0,30150.0,30380.01,6475.01052,1681862399999,196409747.0338018,137650,3349.71924,101611317.4328853,0
1681862400000,30380.01,30413.53,30126.0,30211.23,5329.7858,1681876799999,161294807.5010746,134009,2485.48493,75223763.778486,0
1681876800000,30211.23,30325.51,29980.0,30077.76,7472.46844,1681891199999,225238964.2409899,167567,3570.7686,107633406.8099161,0
1681891200000,30077.76,30077.76,29000.0,29310.65,32617.02212,1681905599999,955965963.6003097,637314,16000.10932,468916757.9438352,0
1681905600000,29310.64,29500.0,29100.0,29260.44,12985.95001,1681919999999,380544354.7564169,236991,6566.81964,192466980.2257294,0
1681920000000,29260.43,29370.0,29080.0,29227.07,8902.9979,1681934399999,260631800.3265211,177280,4324.85949,126620991.7252522,0
1681934400000,29227.06,29315.61,28520.0,28797.1,19267.26229,1681948799999,557607997.8781348,346730,8519.74674,246694366.717877,0
1681948800000,28797.1,29000.0,28549.0,28862.52,11329.84169,1681963199999,326620209.3261428,224563,5495.42866,158421152.6336015,0
1681963200000,28862.51,29088.3,28818.8,28869.66,7669.56391,1681977599999,221809417.6703176,162152,3806.36532,110087921.7027533,0
1681977600000,28869.66,28951.0,28590.0,28607.13,8737.40051,1681991999999,251581174.621339,165734,4074.58395,117342662.6697611,0
1681992000000,28607.12,28978.69,28334.0,28506.69,18458.73713,1682006399999,530036065.2285514,309015,8643.75603,248251173.8818119,0
1682006400000,28506.7,28658.81,28010.0,28104.38,21464.77891,1682020799999,608629392.8797235,393946,10070.55397,285569507.2984415,0
1682020800000,28104.38,28365.5,28012.0,28243.65,9218.77157,1682035199999,260177771.6986718,179232,4828.89792,136277347.5861303,0
1682035200000,28243.65,28374.02,28090.0,28321.41,7136.4826,1682049599999,201553849.1781316,146572,3596.02828,101572395.1947728,0
1682049600000,28321.42,28348.0,27815.89,28155.03,14964.65602,1682063999999,419658811.0562207,244644,7302.98684,204753143.6163022,0
1682064000000,28155.02,28237.3,27919.69,28066.21,9486.35341,1682078399999,266158444.9650902,183796,4575.31887,128372266.4020289,0
1682078400000,28066.22,28308.45,27962.65,28040.7,14095.50499,1682092799999,396431598.9311165,247347,7376.9824,207479866.9701794,0
1682092800000,28040.7,28090.54,27184.54,27279.91,20779.11295,1682107199999,574597597.1230583,412721,9774.68132,270265294.4424736,0
1682107200000,27279.9,27409.62,27125.0,27262.84,11222.65793,1682121599999,306267310.6818433,228548,5793.13841,158097609.8500352,0
1682121600000,27262.84,27367.77,27140.35,27322.16,5410.17958,1682135999999,147509369.1585513,121374,2892.47049,78871612.0978984,0
1682136000000,27322.15,27397.63,27225.0,27277.76,4190.23201,1682150399999,114489942.3861386,140387,2063.26677,56374622.4836083,0
1682150400000,27277.75,27324.58,27184.24,27286.65,4851.36968,1682164799999,132179478.3449306,118674,2380.64826,64863152.3882291,0
1682164800000,27286.65,27562.17,27231.0,27488.93,6866.08949,1682179199999,188076661.1449933,153586,3772.48024,103336156.8640163,0
1682179200000,27488.93,27804.38,27484.63,27622.61,8389.52746,1682193599999,231844174.3177874,181715,4292.97721,118643606.3521284,0
1682193600000,27622.61,27882.72,27566.91,27816.85,6316.29864,1682207999999,175279849.969422,143764,3211.05358,89111821.4503463,0
1682208000000,27816.85,27816.85,27415.56,27557.84,6582.80343,1682222399999,181569405.1091711,145251,3417.1378,94237140.0927428,0
1682222400000,27557.83,27751.47,27531.85,27718.9,4072.92515,1682236799999,112482619.541516,125644,2299.36476,63503838.9574213,0
1682236800000,27718.89,27777.0,27482.79,27642.9,5189.51221,1682251199999,143347322.2857188,132453,2683.88683,74124138.6810138,0
1682251200000,27642.89,27735.25,27311.25,27474.47,5943.17948,1682265599999,163701533.3302765,174367,2832.01284,78004742.4494887,0
1682265600000,27474.47,27689.83,27330.0,27465.77,8237.43783,1682279999999,226492763.1375631,190320,4073.75467,112006293.7025878,0
1682280000000,27465.78,27650.28,27402.88,27590.6,4786.23771,1682294399999,131796055.3530096,105450,2304.31981,63452491.8110565,0
1682294400000,27590.59,28000.0,27427.3,27790.48,8178.33983,1682308799999,227006039.2389424,203209,3984.14904,110613040.8491538,0
1682308800000,27790.49,27800.0,27350.0,27451.97,6200.98667,1682323199999,171007551.4252047,170427,2784.70571,76798232.1011362,0
1682323200000,27451.98,27553.24,27157.14,27550.84,10313.90924,1682337599999,282046762.9373517,224859,5255.06571,143712448.873881,0
1682337600000,27550.83,27720.57,27200.0,27267.05,11420.22805,1682351999999,313749908.6980427,255814,5256.74252,144416832.2926989,0
1682352000000,27267.06,27579.8,26942.82,27383.29,12309.41846,1682366399999,335900364.8403648,253513,5975.21429,163057308.4080185,0
1682366400000,27383.28,27560.73,27320.47,27510.93,4688.68649,1682380799999,128695888.500515,103258,2385.40317,65481720.1266038,0
1682380800000,27510.93,27590.28,27313.74,27345.72,5310.06861,1682395199999,145709795.9360892,113071,2617.78225,71847434.375622,0
1682395200000,27345.71,27459.58,27240.8,27266.54,5140.31121,1682409599999,140670072.3156478,123110,2357.51919,64510216.2099937,0
1682409600000,27266.54,27443.63,27192.0,27390.96,6631.97649,1682423999999,181308419.2554823,155127,3292.04422,89999903.4045434,0
1682424000000,27390.96,27482.71,27199.17,27345.0,8847.60442,1682438399999,241988394.8709351,182319,4470.08515,122274705.7521152,0
1682438400000,27345.0,27790.19,27316.2,27611.4,10129.47641,1682452799999,279008062.9167736,221177,5253.38948,144690736.5573506,0
1682452800000,27611.39,28399.99,27611.01,28300.79,16265.70923,1682467199999,457644629.9478031,292263,8842.65163,248746220.6993287,0
1682467200000,28300.8,28481.0,28244.62,28309.1,9794.44476,1682481599999,277820033.8483825,165081,4693.8384,133148043.7753221,0
1682481600000,28309.09,28599.0,28301.05,28376.18,8441.48637,1682495999999,239571768.9984943,134347,4487.34095,127351762.3229324,0
1682496000000,28376.19,29138.83,28371.99,28952.32,21338.25434,1682510399999,615019482.787345,323308,11192.77736,322568622.0728567,0
1682510400000,28952.31,30036.0,28952.31,29820.03,29557.57382,1682524799999,878111407.5582465,497975,15020.07762,446101219.1566318,0
1682524800000,29820.02,29900.0,27694.06,27884.24,27955.54863,1682539199999,808343099.7151839,506320,12987.89094,375572348.2763203,0
1682539200000,27884.25,28739.99,27235.0,28415.29,32141.09611,1682553599999,900835669.0015112,634911,16158.62994,452956383.6613371,0
1682553600000,28415.29,29480.5,28378.86,28885.79,22447.76067,1682567999999,651106420.5602175,473314,11235.46347,325803574.5122283,0
1682568000000,28885.78,29278.88,28632.25,28893.83,12428.75979,1682582399999,360088280.1921008,253374,6229.96468,180490541.3403651,0
1682582400000,28893.84,29139.85,28780.45,28934.21,11084.1798,1682596799999,321142909.5383429,229115,5514.20195,159763654.9440417,0
1682596800000,28934.21,29555.0,28661.58,29149.73,17936.04093,1682611199999,521088475.3234132,398269,9160.13346,266178269.6501056,0
1682611200000,29149.74,29890.0,29013.44,29673.98,20847.10485,1682625599999,615576039.900892,406920,11036.70415,325866462.3889614,0
1682625600000,29673.98,29783.15,29255.53,29472.77,10686.97827,1682639999999,315857566.8496535,229156,5425.50703,160336802.7822025,0
1682640000000,29472.77,29599.54,29330.0,29420.52,9071.8883,1682654399999,267210473.8673823,170882,4490.84239,132286584.3777143,0
1682654400000,29420.52,29566.92,29396.89,29488.83,7539.59531,1682668799999,222191022.4434016,153193,3328.56329,98091315.5165961,0
1682668800000,29488.83,29495.34,29137.76,29235.36,9546.8493,1682683199999,279526648.9688703,192686,4471.19242,130889541.122906,0
1682683200000,29235.36,29467.36,28891.0,29146.89,16054.08157,1682697599999,467840149.4597111,317718,8519.51518,248223024.1035529,0
1682697600000,29146.88,29437.81,29101.28,29328.53,8039.55295,1682711999999,235180666.7630016,189805,3919.24168,114662404.0749623,0
1682712000000,29328.53,29429.36,29276.75,29311.7,4046.19835,1682726399999,118734810.165831,104956,1929.86144,56631982.3513058,0
1682726400000,29311.69,29400.0,29195.58,29345.74,4266.76284,1682740799999,125094747.8601639,112146,2244.69251,65811547.2081584,0
1682740800000,29345.75,29448.88,29289.44,29345.54,3485.37764,1682755199999,102326398.1625921,99468,1739.02172,51061120.233198,0
1682755200000,29345.54,29360.0,29234.39,29332.11,3230.99493,1682769599999,94630352.9890394,107304,1477.60068,43274753.7214637,0
1682769600000,29332.11,29393.39,29210.24,29271.21,3619.27524,1682783999999,106168017.3461997,112410,1757.61483,51556006.3680628,0
1682784000000,29271.21,29300.0,29031.0,29131.79,2233.74043,1682798399999,65189145.1787955,60260,1045.80928,30519684.1507966,0
